-2.520000000000000104e-03 0.000000000000000000e+00
-2.518000000000000273e-03 0.000000000000000000e+00
-2.516000000000000441e-03 0.000000000000000000e+00
-2.514000000000000609e-03 0.000000000000000000e+00
-2.512000000000000777e-03 0.000000000000000000e+00
-2.510000000000000946e-03 0.000000000000000000e+00
-2.508000000000001114e-03 0.000000000000000000e+00
-2.506000000000001282e-03 0.000000000000000000e+00
-2.504000000000001450e-03 0.000000000000000000e+00
-2.502000000000001619e-03 0.000000000000000000e+00
-2.500000000000001787e-03 0.000000000000000000e+00
-2.498000000000001955e-03 0.000000000000000000e+00
-2.496000000000002123e-03 0.000000000000000000e+00
-2.494000000000002291e-03 0.000000000000000000e+00
-2.492000000000002460e-03 -4.000000000000000083e-02
-2.490000000000002628e-03 0.000000000000000000e+00
-2.488000000000002796e-03 4.000000000000000083e-02
-2.486000000000002964e-03 0.000000000000000000e+00
-2.484000000000003133e-03 0.000000000000000000e+00
-2.482000000000003301e-03 0.000000000000000000e+00
-2.480000000000003469e-03 0.000000000000000000e+00
-2.478000000000003637e-03 0.000000000000000000e+00
-2.476000000000003805e-03 0.000000000000000000e+00
-2.474000000000003974e-03 0.000000000000000000e+00
-2.472000000000004142e-03 0.000000000000000000e+00
-2.470000000000004310e-03 0.000000000000000000e+00
-2.468000000000004478e-03 0.000000000000000000e+00
-2.466000000000004647e-03 0.000000000000000000e+00
-2.464000000000004815e-03 0.000000000000000000e+00
-2.462000000000004983e-03 0.000000000000000000e+00
-2.460000000000005151e-03 0.000000000000000000e+00
-2.458000000000005320e-03 0.000000000000000000e+00
-2.456000000000005488e-03 0.000000000000000000e+00
-2.454000000000005656e-03 0.000000000000000000e+00
-2.452000000000005824e-03 0.000000000000000000e+00
-2.450000000000005992e-03 0.000000000000000000e+00
-2.448000000000006161e-03 0.000000000000000000e+00
-2.446000000000006329e-03 0.000000000000000000e+00
-2.444000000000006497e-03 4.000000000000000083e-02
-2.442000000000006665e-03 0.000000000000000000e+00
-2.440000000000006834e-03 0.000000000000000000e+00
-2.438000000000007002e-03 0.000000000000000000e+00
-2.436000000000007170e-03 0.000000000000000000e+00
-2.434000000000007338e-03 0.000000000000000000e+00
-2.432000000000007506e-03 0.000000000000000000e+00
-2.430000000000007675e-03 0.000000000000000000e+00
-2.428000000000007843e-03 0.000000000000000000e+00
-2.426000000000008011e-03 0.000000000000000000e+00
-2.424000000000008179e-03 0.000000000000000000e+00
-2.422000000000008348e-03 0.000000000000000000e+00
-2.420000000000008516e-03 0.000000000000000000e+00
-2.418000000000008684e-03 0.000000000000000000e+00
-2.416000000000008852e-03 0.000000000000000000e+00
-2.414000000000009021e-03 0.000000000000000000e+00
-2.412000000000009189e-03 0.000000000000000000e+00
-2.410000000000009357e-03 0.000000000000000000e+00
-2.408000000000009525e-03 0.000000000000000000e+00
-2.406000000000009693e-03 0.000000000000000000e+00
-2.404000000000009862e-03 0.000000000000000000e+00
-2.402000000000010030e-03 0.000000000000000000e+00
-2.400000000000010198e-03 0.000000000000000000e+00
-2.398000000000010366e-03 0.000000000000000000e+00
-2.396000000000010535e-03 0.000000000000000000e+00
-2.394000000000010703e-03 0.000000000000000000e+00
-2.392000000000010871e-03 0.000000000000000000e+00
-2.390000000000011039e-03 0.000000000000000000e+00
-2.388000000000011207e-03 0.000000000000000000e+00
-2.386000000000011376e-03 0.000000000000000000e+00
-2.384000000000011544e-03 0.000000000000000000e+00
-2.382000000000011712e-03 0.000000000000000000e+00
-2.380000000000011880e-03 0.000000000000000000e+00
-2.378000000000012049e-03 0.000000000000000000e+00
-2.376000000000012217e-03 -4.000000000000000083e-02
-2.374000000000012385e-03 0.000000000000000000e+00
-2.372000000000012553e-03 0.000000000000000000e+00
-2.370000000000012721e-03 0.000000000000000000e+00
-2.368000000000012890e-03 0.000000000000000000e+00
-2.366000000000013058e-03 0.000000000000000000e+00
-2.364000000000013226e-03 0.000000000000000000e+00
-2.362000000000013394e-03 4.000000000000000083e-02
-2.360000000000013563e-03 4.000000000000000083e-02
-2.358000000000013731e-03 0.000000000000000000e+00
-2.356000000000013899e-03 0.000000000000000000e+00
-2.354000000000014067e-03 0.000000000000000000e+00
-2.352000000000014236e-03 0.000000000000000000e+00
-2.350000000000014404e-03 0.000000000000000000e+00
-2.348000000000014572e-03 0.000000000000000000e+00
-2.346000000000014740e-03 0.000000000000000000e+00
-2.344000000000014908e-03 0.000000000000000000e+00
-2.342000000000015077e-03 0.000000000000000000e+00
-2.340000000000015245e-03 0.000000000000000000e+00
-2.338000000000015413e-03 -4.000000000000000083e-02
-2.336000000000015581e-03 0.000000000000000000e+00
-2.334000000000015750e-03 0.000000000000000000e+00
-2.332000000000015918e-03 0.000000000000000000e+00
-2.330000000000016086e-03 0.000000000000000000e+00
-2.328000000000016254e-03 0.000000000000000000e+00
-2.326000000000016422e-03 -4.000000000000000083e-02
-2.324000000000016591e-03 0.000000000000000000e+00
-2.322000000000016759e-03 0.000000000000000000e+00
-2.320000000000016927e-03 0.000000000000000000e+00
-2.318000000000017095e-03 0.000000000000000000e+00
-2.316000000000017264e-03 0.000000000000000000e+00
-2.314000000000017432e-03 0.000000000000000000e+00
-2.312000000000017600e-03 0.000000000000000000e+00
-2.310000000000017768e-03 0.000000000000000000e+00
-2.308000000000017937e-03 0.000000000000000000e+00
-2.306000000000018105e-03 0.000000000000000000e+00
-2.304000000000018273e-03 0.000000000000000000e+00
-2.302000000000018441e-03 0.000000000000000000e+00
-2.300000000000018609e-03 0.000000000000000000e+00
-2.298000000000018778e-03 0.000000000000000000e+00
-2.296000000000018946e-03 0.000000000000000000e+00
-2.294000000000019114e-03 -4.000000000000000083e-02
-2.292000000000019282e-03 0.000000000000000000e+00
-2.290000000000019451e-03 0.000000000000000000e+00
-2.288000000000019619e-03 0.000000000000000000e+00
-2.286000000000019787e-03 0.000000000000000000e+00
-2.284000000000019955e-03 0.000000000000000000e+00
-2.282000000000020123e-03 0.000000000000000000e+00
-2.280000000000020292e-03 0.000000000000000000e+00
-2.278000000000020460e-03 -4.000000000000000083e-02
-2.276000000000020628e-03 0.000000000000000000e+00
-2.274000000000020796e-03 -4.000000000000000083e-02
-2.272000000000020965e-03 -4.000000000000000083e-02
-2.270000000000021133e-03 0.000000000000000000e+00
-2.268000000000021301e-03 0.000000000000000000e+00
-2.266000000000021469e-03 4.000000000000000083e-02
-2.264000000000021637e-03 0.000000000000000000e+00
-2.262000000000021806e-03 0.000000000000000000e+00
-2.260000000000021974e-03 0.000000000000000000e+00
-2.258000000000022142e-03 0.000000000000000000e+00
-2.256000000000022310e-03 0.000000000000000000e+00
-2.254000000000022479e-03 0.000000000000000000e+00
-2.252000000000022647e-03 4.000000000000000083e-02
-2.250000000000022815e-03 0.000000000000000000e+00
-2.248000000000022983e-03 0.000000000000000000e+00
-2.246000000000023152e-03 0.000000000000000000e+00
-2.244000000000023320e-03 0.000000000000000000e+00
-2.242000000000023488e-03 0.000000000000000000e+00
-2.240000000000023656e-03 0.000000000000000000e+00
-2.238000000000023824e-03 0.000000000000000000e+00
-2.236000000000023993e-03 4.000000000000000083e-02
-2.234000000000024161e-03 0.000000000000000000e+00
-2.232000000000024329e-03 0.000000000000000000e+00
-2.230000000000024497e-03 0.000000000000000000e+00
-2.228000000000024666e-03 0.000000000000000000e+00
-2.226000000000024834e-03 0.000000000000000000e+00
-2.224000000000025002e-03 0.000000000000000000e+00
-2.222000000000025170e-03 0.000000000000000000e+00
-2.220000000000025338e-03 0.000000000000000000e+00
-2.218000000000025507e-03 0.000000000000000000e+00
-2.216000000000025675e-03 0.000000000000000000e+00
-2.214000000000025843e-03 0.000000000000000000e+00
-2.212000000000026011e-03 0.000000000000000000e+00
-2.210000000000026180e-03 0.000000000000000000e+00
-2.208000000000026348e-03 0.000000000000000000e+00
-2.206000000000026516e-03 0.000000000000000000e+00
-2.204000000000026684e-03 0.000000000000000000e+00
-2.202000000000026853e-03 -4.000000000000000083e-02
-2.200000000000027021e-03 0.000000000000000000e+00
-2.198000000000027189e-03 0.000000000000000000e+00
-2.196000000000027357e-03 0.000000000000000000e+00
-2.194000000000027525e-03 0.000000000000000000e+00
-2.192000000000027694e-03 0.000000000000000000e+00
-2.190000000000027862e-03 0.000000000000000000e+00
-2.188000000000028030e-03 0.000000000000000000e+00
-2.186000000000028198e-03 0.000000000000000000e+00
-2.184000000000028367e-03 0.000000000000000000e+00
-2.182000000000028535e-03 0.000000000000000000e+00
-2.180000000000028703e-03 0.000000000000000000e+00
-2.178000000000028871e-03 0.000000000000000000e+00
-2.176000000000029039e-03 0.000000000000000000e+00
-2.174000000000029208e-03 0.000000000000000000e+00
-2.172000000000029376e-03 -4.000000000000000083e-02
-2.170000000000029544e-03 0.000000000000000000e+00
-2.168000000000029712e-03 0.000000000000000000e+00
-2.166000000000029881e-03 4.000000000000000083e-02
-2.164000000000030049e-03 0.000000000000000000e+00
-2.162000000000030217e-03 0.000000000000000000e+00
-2.160000000000030385e-03 0.000000000000000000e+00
-2.158000000000030554e-03 0.000000000000000000e+00
-2.156000000000030722e-03 0.000000000000000000e+00
-2.154000000000030890e-03 0.000000000000000000e+00
-2.152000000000031058e-03 0.000000000000000000e+00
-2.150000000000031226e-03 0.000000000000000000e+00
-2.148000000000031395e-03 0.000000000000000000e+00
-2.146000000000031563e-03 0.000000000000000000e+00
-2.144000000000031731e-03 0.000000000000000000e+00
-2.142000000000031899e-03 0.000000000000000000e+00
-2.140000000000032068e-03 0.000000000000000000e+00
-2.138000000000032236e-03 0.000000000000000000e+00
-2.136000000000032404e-03 0.000000000000000000e+00
-2.134000000000032572e-03 0.000000000000000000e+00
-2.132000000000032740e-03 0.000000000000000000e+00
-2.130000000000032909e-03 0.000000000000000000e+00
-2.128000000000033077e-03 4.000000000000000083e-02
-2.126000000000033245e-03 0.000000000000000000e+00
-2.124000000000033413e-03 0.000000000000000000e+00
-2.122000000000033582e-03 0.000000000000000000e+00
-2.120000000000033750e-03 0.000000000000000000e+00
-2.118000000000033918e-03 0.000000000000000000e+00
-2.116000000000034086e-03 -4.000000000000000083e-02
-2.114000000000034254e-03 0.000000000000000000e+00
-2.112000000000034423e-03 0.000000000000000000e+00
-2.110000000000034591e-03 -4.000000000000000083e-02
-2.108000000000034759e-03 0.000000000000000000e+00
-2.106000000000034927e-03 4.000000000000000083e-02
-2.104000000000035096e-03 0.000000000000000000e+00
-2.102000000000035264e-03 0.000000000000000000e+00
-2.100000000000035432e-03 0.000000000000000000e+00
-2.098000000000035600e-03 0.000000000000000000e+00
-2.096000000000035769e-03 -4.000000000000000083e-02
-2.094000000000035937e-03 0.000000000000000000e+00
-2.092000000000036105e-03 0.000000000000000000e+00
-2.090000000000036273e-03 0.000000000000000000e+00
-2.088000000000036441e-03 0.000000000000000000e+00
-2.086000000000036610e-03 0.000000000000000000e+00
-2.084000000000036778e-03 0.000000000000000000e+00
-2.082000000000036946e-03 0.000000000000000000e+00
-2.080000000000037114e-03 0.000000000000000000e+00
-2.078000000000037283e-03 4.000000000000000083e-02
-2.076000000000037451e-03 0.000000000000000000e+00
-2.074000000000037619e-03 0.000000000000000000e+00
-2.072000000000037787e-03 0.000000000000000000e+00
-2.070000000000037955e-03 0.000000000000000000e+00
-2.068000000000038124e-03 -4.000000000000000083e-02
-2.066000000000038292e-03 -4.000000000000000083e-02
-2.064000000000038460e-03 0.000000000000000000e+00
-2.062000000000038628e-03 0.000000000000000000e+00
-2.060000000000038797e-03 0.000000000000000000e+00
-2.058000000000038965e-03 0.000000000000000000e+00
-2.056000000000039133e-03 0.000000000000000000e+00
-2.054000000000039301e-03 0.000000000000000000e+00
-2.052000000000039470e-03 0.000000000000000000e+00
-2.050000000000039638e-03 0.000000000000000000e+00
-2.048000000000039806e-03 0.000000000000000000e+00
-2.046000000000039974e-03 0.000000000000000000e+00
-2.044000000000040142e-03 0.000000000000000000e+00
-2.042000000000040311e-03 0.000000000000000000e+00
-2.040000000000040479e-03 0.000000000000000000e+00
-2.038000000000040647e-03 -4.000000000000000083e-02
-2.036000000000040815e-03 0.000000000000000000e+00
-2.034000000000040984e-03 -4.000000000000000083e-02
-2.032000000000041152e-03 0.000000000000000000e+00
-2.030000000000041320e-03 0.000000000000000000e+00
-2.028000000000041488e-03 0.000000000000000000e+00
-2.026000000000041656e-03 0.000000000000000000e+00
-2.024000000000041825e-03 0.000000000000000000e+00
-2.022000000000041993e-03 0.000000000000000000e+00
-2.020000000000042161e-03 0.000000000000000000e+00
-2.018000000000042329e-03 0.000000000000000000e+00
-2.016000000000042498e-03 0.000000000000000000e+00
-2.014000000000042666e-03 0.000000000000000000e+00
-2.012000000000042834e-03 0.000000000000000000e+00
-2.010000000000043002e-03 4.000000000000000083e-02
-2.008000000000043170e-03 0.000000000000000000e+00
-2.006000000000043339e-03 0.000000000000000000e+00
-2.004000000000043507e-03 0.000000000000000000e+00
-2.002000000000043675e-03 0.000000000000000000e+00
-2.000000000000043843e-03 0.000000000000000000e+00
-1.998000000000044012e-03 -4.000000000000000083e-02
-1.996000000000044180e-03 0.000000000000000000e+00
-1.994000000000044348e-03 0.000000000000000000e+00
-1.992000000000044516e-03 0.000000000000000000e+00
-1.990000000000044685e-03 0.000000000000000000e+00
-1.988000000000044853e-03 0.000000000000000000e+00
-1.986000000000045021e-03 0.000000000000000000e+00
-1.984000000000045189e-03 -4.000000000000000083e-02
-1.982000000000045357e-03 -4.000000000000000083e-02
-1.980000000000045526e-03 -4.000000000000000083e-02
-1.978000000000045694e-03 0.000000000000000000e+00
-1.976000000000045862e-03 0.000000000000000000e+00
-1.974000000000046030e-03 0.000000000000000000e+00
-1.972000000000046199e-03 0.000000000000000000e+00
-1.970000000000046367e-03 0.000000000000000000e+00
-1.968000000000046535e-03 0.000000000000000000e+00
-1.966000000000046703e-03 0.000000000000000000e+00
-1.964000000000046871e-03 0.000000000000000000e+00
-1.962000000000047040e-03 0.000000000000000000e+00
-1.960000000000047208e-03 0.000000000000000000e+00
-1.958000000000047376e-03 0.000000000000000000e+00
-1.956000000000047544e-03 -4.000000000000000083e-02
-1.954000000000047713e-03 0.000000000000000000e+00
-1.952000000000047881e-03 0.000000000000000000e+00
-1.950000000000048049e-03 0.000000000000000000e+00
-1.948000000000048217e-03 0.000000000000000000e+00
-1.946000000000048386e-03 4.000000000000000083e-02
-1.944000000000048554e-03 0.000000000000000000e+00
-1.942000000000048722e-03 0.000000000000000000e+00
-1.940000000000048890e-03 0.000000000000000000e+00
-1.938000000000049058e-03 0.000000000000000000e+00
-1.936000000000049227e-03 0.000000000000000000e+00
-1.934000000000049395e-03 0.000000000000000000e+00
-1.932000000000049563e-03 0.000000000000000000e+00
-1.930000000000049731e-03 0.000000000000000000e+00
-1.928000000000049900e-03 0.000000000000000000e+00
-1.926000000000050068e-03 4.000000000000000083e-02
-1.924000000000050236e-03 0.000000000000000000e+00
-1.922000000000050404e-03 0.000000000000000000e+00
-1.920000000000050572e-03 0.000000000000000000e+00
-1.918000000000050741e-03 0.000000000000000000e+00
-1.916000000000050909e-03 0.000000000000000000e+00
-1.914000000000051077e-03 0.000000000000000000e+00
-1.912000000000051245e-03 0.000000000000000000e+00
-1.910000000000051414e-03 0.000000000000000000e+00
-1.908000000000051582e-03 0.000000000000000000e+00
-1.906000000000051750e-03 4.000000000000000083e-02
-1.904000000000051918e-03 0.000000000000000000e+00
-1.902000000000052087e-03 0.000000000000000000e+00
-1.900000000000052255e-03 0.000000000000000000e+00
-1.898000000000052423e-03 0.000000000000000000e+00
-1.896000000000052591e-03 0.000000000000000000e+00
-1.894000000000052759e-03 0.000000000000000000e+00
-1.892000000000052928e-03 0.000000000000000000e+00
-1.890000000000053096e-03 0.000000000000000000e+00
-1.888000000000053264e-03 0.000000000000000000e+00
-1.886000000000053432e-03 0.000000000000000000e+00
-1.884000000000053601e-03 0.000000000000000000e+00
-1.882000000000053769e-03 0.000000000000000000e+00
-1.880000000000053937e-03 0.000000000000000000e+00
-1.878000000000054105e-03 0.000000000000000000e+00
-1.876000000000054273e-03 0.000000000000000000e+00
-1.874000000000054442e-03 0.000000000000000000e+00
-1.872000000000054610e-03 0.000000000000000000e+00
-1.870000000000054778e-03 0.000000000000000000e+00
-1.868000000000054946e-03 4.000000000000000083e-02
-1.866000000000055115e-03 0.000000000000000000e+00
-1.864000000000055283e-03 0.000000000000000000e+00
-1.862000000000055451e-03 0.000000000000000000e+00
-1.860000000000055619e-03 0.000000000000000000e+00
-1.858000000000055787e-03 0.000000000000000000e+00
-1.856000000000055956e-03 0.000000000000000000e+00
-1.854000000000056124e-03 0.000000000000000000e+00
-1.852000000000056292e-03 0.000000000000000000e+00
-1.850000000000056460e-03 0.000000000000000000e+00
-1.848000000000056629e-03 0.000000000000000000e+00
-1.846000000000056797e-03 0.000000000000000000e+00
-1.844000000000056965e-03 0.000000000000000000e+00
-1.842000000000057133e-03 0.000000000000000000e+00
-1.840000000000057302e-03 0.000000000000000000e+00
-1.838000000000057470e-03 0.000000000000000000e+00
-1.836000000000057638e-03 0.000000000000000000e+00
-1.834000000000057806e-03 0.000000000000000000e+00
-1.832000000000057974e-03 0.000000000000000000e+00
-1.830000000000058143e-03 0.000000000000000000e+00
-1.828000000000058311e-03 0.000000000000000000e+00
-1.826000000000058479e-03 -4.000000000000000083e-02
-1.824000000000058647e-03 0.000000000000000000e+00
-1.822000000000058816e-03 0.000000000000000000e+00
-1.820000000000058984e-03 0.000000000000000000e+00
-1.818000000000059152e-03 0.000000000000000000e+00
-1.816000000000059320e-03 0.000000000000000000e+00
-1.814000000000059488e-03 0.000000000000000000e+00
-1.812000000000059657e-03 0.000000000000000000e+00
-1.810000000000059825e-03 0.000000000000000000e+00
-1.808000000000059993e-03 0.000000000000000000e+00
-1.806000000000060161e-03 0.000000000000000000e+00
-1.804000000000060330e-03 0.000000000000000000e+00
-1.802000000000060498e-03 0.000000000000000000e+00
-1.800000000000060666e-03 0.000000000000000000e+00
-1.798000000000060834e-03 -4.000000000000000083e-02
-1.796000000000061003e-03 0.000000000000000000e+00
-1.794000000000061171e-03 0.000000000000000000e+00
-1.792000000000061339e-03 0.000000000000000000e+00
-1.790000000000061507e-03 0.000000000000000000e+00
-1.788000000000061675e-03 0.000000000000000000e+00
-1.786000000000061844e-03 0.000000000000000000e+00
-1.784000000000062012e-03 0.000000000000000000e+00
-1.782000000000062180e-03 0.000000000000000000e+00
-1.780000000000062348e-03 -4.000000000000000083e-02
-1.778000000000062517e-03 0.000000000000000000e+00
-1.776000000000062685e-03 0.000000000000000000e+00
-1.774000000000062853e-03 0.000000000000000000e+00
-1.772000000000063021e-03 0.000000000000000000e+00
-1.770000000000063189e-03 0.000000000000000000e+00
-1.768000000000063358e-03 0.000000000000000000e+00
-1.766000000000063526e-03 0.000000000000000000e+00
-1.764000000000063694e-03 0.000000000000000000e+00
-1.762000000000063862e-03 0.000000000000000000e+00
-1.760000000000064031e-03 0.000000000000000000e+00
-1.758000000000064199e-03 0.000000000000000000e+00
-1.756000000000064367e-03 0.000000000000000000e+00
-1.754000000000064535e-03 0.000000000000000000e+00
-1.752000000000064703e-03 0.000000000000000000e+00
-1.750000000000064872e-03 0.000000000000000000e+00
-1.748000000000065040e-03 0.000000000000000000e+00
-1.746000000000065208e-03 0.000000000000000000e+00
-1.744000000000065376e-03 -4.000000000000000083e-02
-1.742000000000065545e-03 0.000000000000000000e+00
-1.740000000000065713e-03 0.000000000000000000e+00
-1.738000000000065881e-03 -4.000000000000000083e-02
-1.736000000000066049e-03 4.000000000000000083e-02
-1.734000000000066218e-03 0.000000000000000000e+00
-1.732000000000066386e-03 0.000000000000000000e+00
-1.730000000000066554e-03 0.000000000000000000e+00
-1.728000000000066722e-03 4.000000000000000083e-02
-1.726000000000066890e-03 4.000000000000000083e-02
-1.724000000000067059e-03 0.000000000000000000e+00
-1.722000000000067227e-03 0.000000000000000000e+00
-1.720000000000067395e-03 0.000000000000000000e+00
-1.718000000000067563e-03 0.000000000000000000e+00
-1.716000000000067732e-03 0.000000000000000000e+00
-1.714000000000067900e-03 0.000000000000000000e+00
-1.712000000000068068e-03 0.000000000000000000e+00
-1.710000000000068236e-03 0.000000000000000000e+00
-1.708000000000068404e-03 -4.000000000000000083e-02
-1.706000000000068573e-03 0.000000000000000000e+00
-1.704000000000068741e-03 -4.000000000000000083e-02
-1.702000000000068909e-03 0.000000000000000000e+00
-1.700000000000069077e-03 0.000000000000000000e+00
-1.698000000000069246e-03 0.000000000000000000e+00
-1.696000000000069414e-03 0.000000000000000000e+00
-1.694000000000069582e-03 0.000000000000000000e+00
-1.692000000000069750e-03 0.000000000000000000e+00
-1.690000000000069919e-03 0.000000000000000000e+00
-1.688000000000070087e-03 0.000000000000000000e+00
-1.686000000000070255e-03 0.000000000000000000e+00
-1.684000000000070423e-03 0.000000000000000000e+00
-1.682000000000070591e-03 0.000000000000000000e+00
-1.680000000000070760e-03 0.000000000000000000e+00
-1.678000000000070928e-03 0.000000000000000000e+00
-1.676000000000071096e-03 0.000000000000000000e+00
-1.674000000000071264e-03 -4.000000000000000083e-02
-1.672000000000071433e-03 0.000000000000000000e+00
-1.670000000000071601e-03 0.000000000000000000e+00
-1.668000000000071769e-03 0.000000000000000000e+00
-1.666000000000071937e-03 0.000000000000000000e+00
-1.664000000000072105e-03 -4.000000000000000083e-02
-1.662000000000072274e-03 0.000000000000000000e+00
-1.660000000000072442e-03 0.000000000000000000e+00
-1.658000000000072610e-03 0.000000000000000000e+00
-1.656000000000072778e-03 0.000000000000000000e+00
-1.654000000000072947e-03 0.000000000000000000e+00
-1.652000000000073115e-03 -4.000000000000000083e-02
-1.650000000000073283e-03 0.000000000000000000e+00
-1.648000000000073451e-03 0.000000000000000000e+00
-1.646000000000073619e-03 0.000000000000000000e+00
-1.644000000000073788e-03 -4.000000000000000083e-02
-1.642000000000073956e-03 0.000000000000000000e+00
-1.640000000000074124e-03 0.000000000000000000e+00
-1.638000000000074292e-03 0.000000000000000000e+00
-1.636000000000074461e-03 4.000000000000000083e-02
-1.634000000000074629e-03 0.000000000000000000e+00
-1.632000000000074797e-03 0.000000000000000000e+00
-1.630000000000074965e-03 -4.000000000000000083e-02
-1.628000000000075134e-03 0.000000000000000000e+00
-1.626000000000075302e-03 0.000000000000000000e+00
-1.624000000000075470e-03 0.000000000000000000e+00
-1.622000000000075638e-03 0.000000000000000000e+00
-1.620000000000075806e-03 0.000000000000000000e+00
-1.618000000000075975e-03 0.000000000000000000e+00
-1.616000000000076143e-03 0.000000000000000000e+00
-1.614000000000076311e-03 0.000000000000000000e+00
-1.612000000000076479e-03 0.000000000000000000e+00
-1.610000000000076648e-03 0.000000000000000000e+00
-1.608000000000076816e-03 -4.000000000000000083e-02
-1.606000000000076984e-03 0.000000000000000000e+00
-1.604000000000077152e-03 0.000000000000000000e+00
-1.602000000000077320e-03 0.000000000000000000e+00
-1.600000000000077489e-03 0.000000000000000000e+00
-1.598000000000077657e-03 0.000000000000000000e+00
-1.596000000000077825e-03 0.000000000000000000e+00
-1.594000000000077993e-03 0.000000000000000000e+00
-1.592000000000078162e-03 0.000000000000000000e+00
-1.590000000000078330e-03 0.000000000000000000e+00
-1.588000000000078498e-03 0.000000000000000000e+00
-1.586000000000078666e-03 -4.000000000000000083e-02
-1.584000000000078835e-03 4.000000000000000083e-02
-1.582000000000079003e-03 0.000000000000000000e+00
-1.580000000000079171e-03 0.000000000000000000e+00
-1.578000000000079339e-03 0.000000000000000000e+00
-1.576000000000079507e-03 -4.000000000000000083e-02
-1.574000000000079676e-03 -4.000000000000000083e-02
-1.572000000000079844e-03 0.000000000000000000e+00
-1.570000000000080012e-03 0.000000000000000000e+00
-1.568000000000080180e-03 0.000000000000000000e+00
-1.566000000000080349e-03 0.000000000000000000e+00
-1.564000000000080517e-03 0.000000000000000000e+00
-1.562000000000080685e-03 0.000000000000000000e+00
-1.560000000000080853e-03 0.000000000000000000e+00
-1.558000000000081021e-03 0.000000000000000000e+00
-1.556000000000081190e-03 0.000000000000000000e+00
-1.554000000000081358e-03 0.000000000000000000e+00
-1.552000000000081526e-03 0.000000000000000000e+00
-1.550000000000081694e-03 0.000000000000000000e+00
-1.548000000000081863e-03 0.000000000000000000e+00
-1.546000000000082031e-03 0.000000000000000000e+00
-1.544000000000082199e-03 0.000000000000000000e+00
-1.542000000000082367e-03 0.000000000000000000e+00
-1.540000000000082536e-03 0.000000000000000000e+00
-1.538000000000082704e-03 0.000000000000000000e+00
-1.536000000000082872e-03 -4.000000000000000083e-02
-1.534000000000083040e-03 0.000000000000000000e+00
-1.532000000000083208e-03 0.000000000000000000e+00
-1.530000000000083377e-03 0.000000000000000000e+00
-1.528000000000083545e-03 0.000000000000000000e+00
-1.526000000000083713e-03 0.000000000000000000e+00
-1.524000000000083881e-03 0.000000000000000000e+00
-1.522000000000084050e-03 -4.000000000000000083e-02
-1.520000000000084218e-03 -4.000000000000000083e-02
-1.518000000000084386e-03 0.000000000000000000e+00
-1.516000000000084554e-03 0.000000000000000000e+00
-1.514000000000084722e-03 4.000000000000000083e-02
-1.512000000000084891e-03 0.000000000000000000e+00
-1.510000000000085059e-03 0.000000000000000000e+00
-1.508000000000085227e-03 0.000000000000000000e+00
-1.506000000000085395e-03 0.000000000000000000e+00
-1.504000000000085564e-03 0.000000000000000000e+00
-1.502000000000085732e-03 0.000000000000000000e+00
-1.500000000000085900e-03 0.000000000000000000e+00
-1.498000000000086068e-03 -4.000000000000000083e-02
-1.496000000000086236e-03 0.000000000000000000e+00
-1.494000000000086405e-03 0.000000000000000000e+00
-1.492000000000086573e-03 0.000000000000000000e+00
-1.490000000000086741e-03 0.000000000000000000e+00
-1.488000000000086909e-03 0.000000000000000000e+00
-1.486000000000087078e-03 0.000000000000000000e+00
-1.484000000000087246e-03 0.000000000000000000e+00
-1.482000000000087414e-03 0.000000000000000000e+00
-1.480000000000087582e-03 0.000000000000000000e+00
-1.478000000000087751e-03 0.000000000000000000e+00
-1.476000000000087919e-03 0.000000000000000000e+00
-1.474000000000088087e-03 0.000000000000000000e+00
-1.472000000000088255e-03 0.000000000000000000e+00
-1.470000000000088423e-03 0.000000000000000000e+00
-1.468000000000088592e-03 0.000000000000000000e+00
-1.466000000000088760e-03 -4.000000000000000083e-02
-1.464000000000088928e-03 0.000000000000000000e+00
-1.462000000000089096e-03 0.000000000000000000e+00
-1.460000000000089265e-03 0.000000000000000000e+00
-1.458000000000089433e-03 -4.000000000000000083e-02
-1.456000000000089601e-03 0.000000000000000000e+00
-1.454000000000089769e-03 0.000000000000000000e+00
-1.452000000000089937e-03 0.000000000000000000e+00
-1.450000000000090106e-03 0.000000000000000000e+00
-1.448000000000090274e-03 0.000000000000000000e+00
-1.446000000000090442e-03 0.000000000000000000e+00
-1.444000000000090610e-03 0.000000000000000000e+00
-1.442000000000090779e-03 0.000000000000000000e+00
-1.440000000000090947e-03 0.000000000000000000e+00
-1.438000000000091115e-03 0.000000000000000000e+00
-1.436000000000091283e-03 0.000000000000000000e+00
-1.434000000000091452e-03 0.000000000000000000e+00
-1.432000000000091620e-03 0.000000000000000000e+00
-1.430000000000091788e-03 0.000000000000000000e+00
-1.428000000000091956e-03 0.000000000000000000e+00
-1.426000000000092124e-03 0.000000000000000000e+00
-1.424000000000092293e-03 0.000000000000000000e+00
-1.422000000000092461e-03 0.000000000000000000e+00
-1.420000000000092629e-03 0.000000000000000000e+00
-1.418000000000092797e-03 0.000000000000000000e+00
-1.416000000000092966e-03 0.000000000000000000e+00
-1.414000000000093134e-03 0.000000000000000000e+00
-1.412000000000093302e-03 0.000000000000000000e+00
-1.410000000000093470e-03 0.000000000000000000e+00
-1.408000000000093638e-03 0.000000000000000000e+00
-1.406000000000093807e-03 0.000000000000000000e+00
-1.404000000000093975e-03 0.000000000000000000e+00
-1.402000000000094143e-03 0.000000000000000000e+00
-1.400000000000094311e-03 0.000000000000000000e+00
-1.398000000000094480e-03 0.000000000000000000e+00
-1.396000000000094648e-03 0.000000000000000000e+00
-1.394000000000094816e-03 0.000000000000000000e+00
-1.392000000000094984e-03 0.000000000000000000e+00
-1.390000000000095152e-03 0.000000000000000000e+00
-1.388000000000095321e-03 0.000000000000000000e+00
-1.386000000000095489e-03 0.000000000000000000e+00
-1.384000000000095657e-03 0.000000000000000000e+00
-1.382000000000095825e-03 0.000000000000000000e+00
-1.380000000000095994e-03 0.000000000000000000e+00
-1.378000000000096162e-03 0.000000000000000000e+00
-1.376000000000096330e-03 0.000000000000000000e+00
-1.374000000000096498e-03 0.000000000000000000e+00
-1.372000000000096667e-03 0.000000000000000000e+00
-1.370000000000096835e-03 0.000000000000000000e+00
-1.368000000000097003e-03 0.000000000000000000e+00
-1.366000000000097171e-03 0.000000000000000000e+00
-1.364000000000097339e-03 0.000000000000000000e+00
-1.362000000000097508e-03 0.000000000000000000e+00
-1.360000000000097676e-03 0.000000000000000000e+00
-1.358000000000097844e-03 0.000000000000000000e+00
-1.356000000000098012e-03 0.000000000000000000e+00
-1.354000000000098181e-03 0.000000000000000000e+00
-1.352000000000098349e-03 0.000000000000000000e+00
-1.350000000000098517e-03 0.000000000000000000e+00
-1.348000000000098685e-03 0.000000000000000000e+00
-1.346000000000098853e-03 0.000000000000000000e+00
-1.344000000000099022e-03 0.000000000000000000e+00
-1.342000000000099190e-03 0.000000000000000000e+00
-1.340000000000099358e-03 0.000000000000000000e+00
-1.338000000000099526e-03 0.000000000000000000e+00
-1.336000000000099695e-03 -4.000000000000000083e-02
-1.334000000000099863e-03 0.000000000000000000e+00
-1.332000000000100031e-03 0.000000000000000000e+00
-1.330000000000100199e-03 0.000000000000000000e+00
-1.328000000000100368e-03 0.000000000000000000e+00
-1.326000000000100536e-03 0.000000000000000000e+00
-1.324000000000100704e-03 0.000000000000000000e+00
-1.322000000000100872e-03 0.000000000000000000e+00
-1.320000000000101040e-03 -4.000000000000000083e-02
-1.318000000000101209e-03 0.000000000000000000e+00
-1.316000000000101377e-03 0.000000000000000000e+00
-1.314000000000101545e-03 0.000000000000000000e+00
-1.312000000000101713e-03 0.000000000000000000e+00
-1.310000000000101882e-03 0.000000000000000000e+00
-1.308000000000102050e-03 0.000000000000000000e+00
-1.306000000000102218e-03 0.000000000000000000e+00
-1.304000000000102386e-03 -4.000000000000000083e-02
-1.302000000000102554e-03 -4.000000000000000083e-02
-1.300000000000102723e-03 0.000000000000000000e+00
-1.298000000000102891e-03 0.000000000000000000e+00
-1.296000000000103059e-03 4.000000000000000083e-02
-1.294000000000103227e-03 0.000000000000000000e+00
-1.292000000000103396e-03 0.000000000000000000e+00
-1.290000000000103564e-03 0.000000000000000000e+00
-1.288000000000103732e-03 0.000000000000000000e+00
-1.286000000000103900e-03 0.000000000000000000e+00
-1.284000000000104069e-03 0.000000000000000000e+00
-1.282000000000104237e-03 0.000000000000000000e+00
-1.280000000000104405e-03 0.000000000000000000e+00
-1.278000000000104573e-03 0.000000000000000000e+00
-1.276000000000104741e-03 0.000000000000000000e+00
-1.274000000000104910e-03 0.000000000000000000e+00
-1.272000000000105078e-03 -4.000000000000000083e-02
-1.270000000000105246e-03 0.000000000000000000e+00
-1.268000000000105414e-03 0.000000000000000000e+00
-1.266000000000105583e-03 0.000000000000000000e+00
-1.264000000000105751e-03 0.000000000000000000e+00
-1.262000000000105919e-03 0.000000000000000000e+00
-1.260000000000106087e-03 0.000000000000000000e+00
-1.258000000000106255e-03 0.000000000000000000e+00
-1.256000000000106424e-03 0.000000000000000000e+00
-1.254000000000106592e-03 0.000000000000000000e+00
-1.252000000000106760e-03 -4.000000000000000083e-02
-1.250000000000106928e-03 0.000000000000000000e+00
-1.248000000000107097e-03 0.000000000000000000e+00
-1.246000000000107265e-03 0.000000000000000000e+00
-1.244000000000107433e-03 0.000000000000000000e+00
-1.242000000000107601e-03 0.000000000000000000e+00
-1.240000000000107769e-03 0.000000000000000000e+00
-1.238000000000107938e-03 0.000000000000000000e+00
-1.236000000000108106e-03 0.000000000000000000e+00
-1.234000000000108274e-03 0.000000000000000000e+00
-1.232000000000108442e-03 0.000000000000000000e+00
-1.230000000000108611e-03 0.000000000000000000e+00
-1.228000000000108779e-03 -4.000000000000000083e-02
-1.226000000000108947e-03 0.000000000000000000e+00
-1.224000000000109115e-03 0.000000000000000000e+00
-1.222000000000109284e-03 0.000000000000000000e+00
-1.220000000000109452e-03 0.000000000000000000e+00
-1.218000000000109620e-03 -4.000000000000000083e-02
-1.216000000000109788e-03 0.000000000000000000e+00
-1.214000000000109956e-03 0.000000000000000000e+00
-1.212000000000110125e-03 0.000000000000000000e+00
-1.210000000000110293e-03 0.000000000000000000e+00
-1.208000000000110461e-03 0.000000000000000000e+00
-1.206000000000110629e-03 0.000000000000000000e+00
-1.204000000000110798e-03 0.000000000000000000e+00
-1.202000000000110966e-03 0.000000000000000000e+00
-1.200000000000111134e-03 0.000000000000000000e+00
-1.198000000000111302e-03 0.000000000000000000e+00
-1.196000000000111470e-03 0.000000000000000000e+00
-1.194000000000111639e-03 0.000000000000000000e+00
-1.192000000000111807e-03 4.000000000000000083e-02
-1.190000000000111975e-03 0.000000000000000000e+00
-1.188000000000112143e-03 0.000000000000000000e+00
-1.186000000000112312e-03 0.000000000000000000e+00
-1.184000000000112480e-03 0.000000000000000000e+00
-1.182000000000112648e-03 -4.000000000000000083e-02
-1.180000000000112816e-03 0.000000000000000000e+00
-1.178000000000112985e-03 0.000000000000000000e+00
-1.176000000000113153e-03 -4.000000000000000083e-02
-1.174000000000113321e-03 0.000000000000000000e+00
-1.172000000000113489e-03 0.000000000000000000e+00
-1.170000000000113657e-03 0.000000000000000000e+00
-1.168000000000113826e-03 0.000000000000000000e+00
-1.166000000000113994e-03 0.000000000000000000e+00
-1.164000000000114162e-03 0.000000000000000000e+00
-1.162000000000114330e-03 0.000000000000000000e+00
-1.160000000000114499e-03 -4.000000000000000083e-02
-1.158000000000114667e-03 0.000000000000000000e+00
-1.156000000000114835e-03 -4.000000000000000083e-02
-1.154000000000115003e-03 -4.000000000000000083e-02
-1.152000000000115171e-03 0.000000000000000000e+00
-1.150000000000115340e-03 0.000000000000000000e+00
-1.148000000000115508e-03 0.000000000000000000e+00
-1.146000000000115676e-03 -4.000000000000000083e-02
-1.144000000000115844e-03 0.000000000000000000e+00
-1.142000000000116013e-03 0.000000000000000000e+00
-1.140000000000116181e-03 0.000000000000000000e+00
-1.138000000000116349e-03 0.000000000000000000e+00
-1.136000000000116517e-03 0.000000000000000000e+00
-1.134000000000116685e-03 0.000000000000000000e+00
-1.132000000000116854e-03 0.000000000000000000e+00
-1.130000000000117022e-03 4.000000000000000083e-02
-1.128000000000117190e-03 0.000000000000000000e+00
-1.126000000000117358e-03 0.000000000000000000e+00
-1.124000000000117527e-03 0.000000000000000000e+00
-1.122000000000117695e-03 0.000000000000000000e+00
-1.120000000000117863e-03 0.000000000000000000e+00
-1.118000000000118031e-03 0.000000000000000000e+00
-1.116000000000118200e-03 0.000000000000000000e+00
-1.114000000000118368e-03 0.000000000000000000e+00
-1.112000000000118536e-03 -4.000000000000000083e-02
-1.110000000000118704e-03 0.000000000000000000e+00
-1.108000000000118872e-03 0.000000000000000000e+00
-1.106000000000119041e-03 0.000000000000000000e+00
-1.104000000000119209e-03 0.000000000000000000e+00
-1.102000000000119377e-03 0.000000000000000000e+00
-1.100000000000119545e-03 0.000000000000000000e+00
-1.098000000000119714e-03 0.000000000000000000e+00
-1.096000000000119882e-03 0.000000000000000000e+00
-1.094000000000120050e-03 0.000000000000000000e+00
-1.092000000000120218e-03 0.000000000000000000e+00
-1.090000000000120386e-03 0.000000000000000000e+00
-1.088000000000120555e-03 0.000000000000000000e+00
-1.086000000000120723e-03 0.000000000000000000e+00
-1.084000000000120891e-03 0.000000000000000000e+00
-1.082000000000121059e-03 0.000000000000000000e+00
-1.080000000000121228e-03 0.000000000000000000e+00
-1.078000000000121396e-03 0.000000000000000000e+00
-1.076000000000121564e-03 -4.000000000000000083e-02
-1.074000000000121732e-03 0.000000000000000000e+00
-1.072000000000121901e-03 0.000000000000000000e+00
-1.070000000000122069e-03 0.000000000000000000e+00
-1.068000000000122237e-03 0.000000000000000000e+00
-1.066000000000122405e-03 -4.000000000000000083e-02
-1.064000000000122573e-03 0.000000000000000000e+00
-1.062000000000122742e-03 0.000000000000000000e+00
-1.060000000000122910e-03 4.000000000000000083e-02
-1.058000000000123078e-03 0.000000000000000000e+00
-1.056000000000123246e-03 0.000000000000000000e+00
-1.054000000000123415e-03 0.000000000000000000e+00
-1.052000000000123583e-03 0.000000000000000000e+00
-1.050000000000123751e-03 -4.000000000000000083e-02
-1.048000000000123919e-03 0.000000000000000000e+00
-1.046000000000124087e-03 0.000000000000000000e+00
-1.044000000000124256e-03 0.000000000000000000e+00
-1.042000000000124424e-03 0.000000000000000000e+00
-1.040000000000124592e-03 0.000000000000000000e+00
-1.038000000000124760e-03 0.000000000000000000e+00
-1.036000000000124929e-03 0.000000000000000000e+00
-1.034000000000125097e-03 0.000000000000000000e+00
-1.032000000000125265e-03 0.000000000000000000e+00
-1.030000000000125433e-03 0.000000000000000000e+00
-1.028000000000125602e-03 0.000000000000000000e+00
-1.026000000000125770e-03 0.000000000000000000e+00
-1.024000000000125938e-03 -4.000000000000000083e-02
-1.022000000000126106e-03 0.000000000000000000e+00
-1.020000000000126274e-03 0.000000000000000000e+00
-1.018000000000126443e-03 0.000000000000000000e+00
-1.016000000000126611e-03 0.000000000000000000e+00
-1.014000000000126779e-03 -4.000000000000000083e-02
-1.012000000000126947e-03 0.000000000000000000e+00
-1.010000000000127116e-03 0.000000000000000000e+00
-1.008000000000127284e-03 0.000000000000000000e+00
-1.006000000000127452e-03 0.000000000000000000e+00
-1.004000000000127620e-03 0.000000000000000000e+00
-1.002000000000127788e-03 -4.000000000000000083e-02
-1.000000000000127957e-03 0.000000000000000000e+00
-9.980000000001281249e-04 0.000000000000000000e+00
-9.960000000001282931e-04 0.000000000000000000e+00
-9.940000000001284614e-04 0.000000000000000000e+00
-9.920000000001286296e-04 0.000000000000000000e+00
-9.900000000001287978e-04 -4.000000000000000083e-02
-9.880000000001289660e-04 0.000000000000000000e+00
-9.860000000001291343e-04 0.000000000000000000e+00
-9.840000000001293025e-04 0.000000000000000000e+00
-9.820000000001294707e-04 0.000000000000000000e+00
-9.800000000001296389e-04 0.000000000000000000e+00
-9.780000000001298072e-04 -4.000000000000000083e-02
-9.760000000001299754e-04 4.000000000000000083e-02
-9.740000000001301436e-04 -4.000000000000000083e-02
-9.720000000001303118e-04 0.000000000000000000e+00
-9.700000000001304801e-04 0.000000000000000000e+00
-9.680000000001306483e-04 0.000000000000000000e+00
-9.660000000001308165e-04 0.000000000000000000e+00
-9.640000000001309848e-04 0.000000000000000000e+00
-9.620000000001311530e-04 0.000000000000000000e+00
-9.600000000001313212e-04 4.000000000000000083e-02
-9.580000000001314894e-04 0.000000000000000000e+00
-9.560000000001316577e-04 0.000000000000000000e+00
-9.540000000001318259e-04 0.000000000000000000e+00
-9.520000000001319941e-04 0.000000000000000000e+00
-9.500000000001321623e-04 0.000000000000000000e+00
-9.480000000001323306e-04 0.000000000000000000e+00
-9.460000000001324988e-04 0.000000000000000000e+00
-9.440000000001326670e-04 0.000000000000000000e+00
-9.420000000001328352e-04 0.000000000000000000e+00
-9.400000000001330035e-04 0.000000000000000000e+00
-9.380000000001331717e-04 0.000000000000000000e+00
-9.360000000001333399e-04 0.000000000000000000e+00
-9.340000000001335081e-04 0.000000000000000000e+00
-9.320000000001336764e-04 0.000000000000000000e+00
-9.300000000001338446e-04 0.000000000000000000e+00
-9.280000000001340128e-04 0.000000000000000000e+00
-9.260000000001341811e-04 4.000000000000000083e-02
-9.240000000001343493e-04 0.000000000000000000e+00
-9.220000000001345175e-04 0.000000000000000000e+00
-9.200000000001346857e-04 0.000000000000000000e+00
-9.180000000001348540e-04 0.000000000000000000e+00
-9.160000000001350222e-04 0.000000000000000000e+00
-9.140000000001351904e-04 0.000000000000000000e+00
-9.120000000001353586e-04 0.000000000000000000e+00
-9.100000000001355269e-04 0.000000000000000000e+00
-9.080000000001356951e-04 0.000000000000000000e+00
-9.060000000001358633e-04 0.000000000000000000e+00
-9.040000000001360315e-04 0.000000000000000000e+00
-9.020000000001361998e-04 -4.000000000000000083e-02
-9.000000000001363680e-04 -4.000000000000000083e-02
-8.980000000001365362e-04 0.000000000000000000e+00
-8.960000000001367045e-04 0.000000000000000000e+00
-8.940000000001368727e-04 0.000000000000000000e+00
-8.920000000001370409e-04 0.000000000000000000e+00
-8.900000000001372091e-04 0.000000000000000000e+00
-8.880000000001373774e-04 0.000000000000000000e+00
-8.860000000001375456e-04 0.000000000000000000e+00
-8.840000000001377138e-04 0.000000000000000000e+00
-8.820000000001378820e-04 0.000000000000000000e+00
-8.800000000001380503e-04 0.000000000000000000e+00
-8.780000000001382185e-04 -4.000000000000000083e-02
-8.760000000001383867e-04 0.000000000000000000e+00
-8.740000000001385549e-04 -4.000000000000000083e-02
-8.720000000001387232e-04 0.000000000000000000e+00
-8.700000000001388914e-04 0.000000000000000000e+00
-8.680000000001390596e-04 4.000000000000000083e-02
-8.660000000001392279e-04 0.000000000000000000e+00
-8.640000000001393961e-04 0.000000000000000000e+00
-8.620000000001395643e-04 0.000000000000000000e+00
-8.600000000001397325e-04 0.000000000000000000e+00
-8.580000000001399008e-04 0.000000000000000000e+00
-8.560000000001400690e-04 0.000000000000000000e+00
-8.540000000001402372e-04 0.000000000000000000e+00
-8.520000000001404054e-04 0.000000000000000000e+00
-8.500000000001405737e-04 0.000000000000000000e+00
-8.480000000001407419e-04 0.000000000000000000e+00
-8.460000000001409101e-04 0.000000000000000000e+00
-8.440000000001410783e-04 0.000000000000000000e+00
-8.420000000001412466e-04 0.000000000000000000e+00
-8.400000000001414148e-04 0.000000000000000000e+00
-8.380000000001415830e-04 4.000000000000000083e-02
-8.360000000001417512e-04 -4.000000000000000083e-02
-8.340000000001419195e-04 0.000000000000000000e+00
-8.320000000001420877e-04 0.000000000000000000e+00
-8.300000000001422559e-04 0.000000000000000000e+00
-8.280000000001424242e-04 0.000000000000000000e+00
-8.260000000001425924e-04 0.000000000000000000e+00
-8.240000000001427606e-04 0.000000000000000000e+00
-8.220000000001429288e-04 0.000000000000000000e+00
-8.200000000001430971e-04 -4.000000000000000083e-02
-8.180000000001432653e-04 -4.000000000000000083e-02
-8.160000000001434335e-04 0.000000000000000000e+00
-8.140000000001436017e-04 -4.000000000000000083e-02
-8.120000000001437700e-04 0.000000000000000000e+00
-8.100000000001439382e-04 0.000000000000000000e+00
-8.080000000001441064e-04 0.000000000000000000e+00
-8.060000000001442746e-04 0.000000000000000000e+00
-8.040000000001444429e-04 0.000000000000000000e+00
-8.020000000001446111e-04 0.000000000000000000e+00
-8.000000000001447793e-04 0.000000000000000000e+00
-7.980000000001449476e-04 0.000000000000000000e+00
-7.960000000001451158e-04 0.000000000000000000e+00
-7.940000000001452840e-04 0.000000000000000000e+00
-7.920000000001454522e-04 0.000000000000000000e+00
-7.900000000001456205e-04 0.000000000000000000e+00
-7.880000000001457887e-04 0.000000000000000000e+00
-7.860000000001459569e-04 4.000000000000000083e-02
-7.840000000001461251e-04 4.000000000000000083e-02
-7.820000000001462934e-04 0.000000000000000000e+00
-7.800000000001464616e-04 0.000000000000000000e+00
-7.780000000001466298e-04 0.000000000000000000e+00
-7.760000000001467980e-04 0.000000000000000000e+00
-7.740000000001469663e-04 0.000000000000000000e+00
-7.720000000001471345e-04 0.000000000000000000e+00
-7.700000000001473027e-04 0.000000000000000000e+00
-7.680000000001474710e-04 0.000000000000000000e+00
-7.660000000001476392e-04 0.000000000000000000e+00
-7.640000000001478074e-04 0.000000000000000000e+00
-7.620000000001479756e-04 0.000000000000000000e+00
-7.600000000001481439e-04 0.000000000000000000e+00
-7.580000000001483121e-04 0.000000000000000000e+00
-7.560000000001484803e-04 0.000000000000000000e+00
-7.540000000001486485e-04 0.000000000000000000e+00
-7.520000000001488168e-04 0.000000000000000000e+00
-7.500000000001489850e-04 0.000000000000000000e+00
-7.480000000001491532e-04 0.000000000000000000e+00
-7.460000000001493214e-04 0.000000000000000000e+00
-7.440000000001494897e-04 0.000000000000000000e+00
-7.420000000001496579e-04 0.000000000000000000e+00
-7.400000000001498261e-04 0.000000000000000000e+00
-7.380000000001499944e-04 0.000000000000000000e+00
-7.360000000001501626e-04 4.000000000000000083e-02
-7.340000000001503308e-04 0.000000000000000000e+00
-7.320000000001504990e-04 0.000000000000000000e+00
-7.300000000001506673e-04 0.000000000000000000e+00
-7.280000000001508355e-04 0.000000000000000000e+00
-7.260000000001510037e-04 0.000000000000000000e+00
-7.240000000001511719e-04 0.000000000000000000e+00
-7.220000000001513402e-04 0.000000000000000000e+00
-7.200000000001515084e-04 0.000000000000000000e+00
-7.180000000001516766e-04 0.000000000000000000e+00
-7.160000000001518448e-04 4.000000000000000083e-02
-7.140000000001520131e-04 0.000000000000000000e+00
-7.120000000001521813e-04 0.000000000000000000e+00
-7.100000000001523495e-04 0.000000000000000000e+00
-7.080000000001525177e-04 0.000000000000000000e+00
-7.060000000001526860e-04 -4.000000000000000083e-02
-7.040000000001528542e-04 0.000000000000000000e+00
-7.020000000001530224e-04 0.000000000000000000e+00
-7.000000000001531907e-04 0.000000000000000000e+00
-6.980000000001533589e-04 0.000000000000000000e+00
-6.960000000001535271e-04 0.000000000000000000e+00
-6.940000000001536953e-04 -4.000000000000000083e-02
-6.920000000001538636e-04 0.000000000000000000e+00
-6.900000000001540318e-04 0.000000000000000000e+00
-6.880000000001542000e-04 0.000000000000000000e+00
-6.860000000001543682e-04 0.000000000000000000e+00
-6.840000000001545365e-04 0.000000000000000000e+00
-6.820000000001547047e-04 4.000000000000000083e-02
-6.800000000001548729e-04 0.000000000000000000e+00
-6.780000000001550411e-04 0.000000000000000000e+00
-6.760000000001552094e-04 0.000000000000000000e+00
-6.740000000001553776e-04 0.000000000000000000e+00
-6.720000000001555458e-04 0.000000000000000000e+00
-6.700000000001557141e-04 0.000000000000000000e+00
-6.680000000001558823e-04 0.000000000000000000e+00
-6.660000000001560505e-04 0.000000000000000000e+00
-6.640000000001562187e-04 0.000000000000000000e+00
-6.620000000001563870e-04 0.000000000000000000e+00
-6.600000000001565552e-04 0.000000000000000000e+00
-6.580000000001567234e-04 0.000000000000000000e+00
-6.560000000001568916e-04 0.000000000000000000e+00
-6.540000000001570599e-04 0.000000000000000000e+00
-6.520000000001572281e-04 -4.000000000000000083e-02
-6.500000000001573963e-04 0.000000000000000000e+00
-6.480000000001575645e-04 0.000000000000000000e+00
-6.460000000001577328e-04 0.000000000000000000e+00
-6.440000000001579010e-04 4.000000000000000083e-02
-6.420000000001580692e-04 0.000000000000000000e+00
-6.400000000001582375e-04 0.000000000000000000e+00
-6.380000000001584057e-04 0.000000000000000000e+00
-6.360000000001585739e-04 0.000000000000000000e+00
-6.340000000001587421e-04 0.000000000000000000e+00
-6.320000000001589104e-04 0.000000000000000000e+00
-6.300000000001590786e-04 0.000000000000000000e+00
-6.280000000001592468e-04 0.000000000000000000e+00
-6.260000000001594150e-04 0.000000000000000000e+00
-6.240000000001595833e-04 0.000000000000000000e+00
-6.220000000001597515e-04 0.000000000000000000e+00
-6.200000000001599197e-04 0.000000000000000000e+00
-6.180000000001600879e-04 0.000000000000000000e+00
-6.160000000001602562e-04 -4.000000000000000083e-02
-6.140000000001604244e-04 0.000000000000000000e+00
-6.120000000001605926e-04 -4.000000000000000083e-02
-6.100000000001607608e-04 0.000000000000000000e+00
-6.080000000001609291e-04 0.000000000000000000e+00
-6.060000000001610973e-04 0.000000000000000000e+00
-6.040000000001612655e-04 0.000000000000000000e+00
-6.020000000001614338e-04 0.000000000000000000e+00
-6.000000000001616020e-04 0.000000000000000000e+00
-5.980000000001617702e-04 0.000000000000000000e+00
-5.960000000001619384e-04 0.000000000000000000e+00
-5.940000000001621067e-04 0.000000000000000000e+00
-5.920000000001622749e-04 0.000000000000000000e+00
-5.900000000001624431e-04 0.000000000000000000e+00
-5.880000000001626113e-04 0.000000000000000000e+00
-5.860000000001627796e-04 0.000000000000000000e+00
-5.840000000001629478e-04 0.000000000000000000e+00
-5.820000000001631160e-04 0.000000000000000000e+00
-5.800000000001632842e-04 0.000000000000000000e+00
-5.780000000001634525e-04 -4.000000000000000083e-02
-5.760000000001636207e-04 0.000000000000000000e+00
-5.740000000001637889e-04 4.000000000000000083e-02
-5.720000000001639572e-04 0.000000000000000000e+00
-5.700000000001641254e-04 4.000000000000000083e-02
-5.680000000001642936e-04 0.000000000000000000e+00
-5.660000000001644618e-04 0.000000000000000000e+00
-5.640000000001646301e-04 0.000000000000000000e+00
-5.620000000001647983e-04 0.000000000000000000e+00
-5.600000000001649665e-04 0.000000000000000000e+00
-5.580000000001651347e-04 0.000000000000000000e+00
-5.560000000001653030e-04 0.000000000000000000e+00
-5.540000000001654712e-04 -4.000000000000000083e-02
-5.520000000001656394e-04 4.000000000000000083e-02
-5.500000000001658076e-04 0.000000000000000000e+00
-5.480000000001659759e-04 0.000000000000000000e+00
-5.460000000001661441e-04 0.000000000000000000e+00
-5.440000000001663123e-04 0.000000000000000000e+00
-5.420000000001664806e-04 0.000000000000000000e+00
-5.400000000001666488e-04 0.000000000000000000e+00
-5.380000000001668170e-04 0.000000000000000000e+00
-5.360000000001669852e-04 0.000000000000000000e+00
-5.340000000001671535e-04 0.000000000000000000e+00
-5.320000000001673217e-04 -4.000000000000000083e-02
-5.300000000001674899e-04 0.000000000000000000e+00
-5.280000000001676581e-04 0.000000000000000000e+00
-5.260000000001678264e-04 0.000000000000000000e+00
-5.240000000001679946e-04 0.000000000000000000e+00
-5.220000000001681628e-04 4.000000000000000083e-02
-5.200000000001683310e-04 4.000000000000000083e-02
-5.180000000001684993e-04 0.000000000000000000e+00
-5.160000000001686675e-04 0.000000000000000000e+00
-5.140000000001688357e-04 0.000000000000000000e+00
-5.120000000001690039e-04 -4.000000000000000083e-02
-5.100000000001691722e-04 0.000000000000000000e+00
-5.080000000001693404e-04 0.000000000000000000e+00
-5.060000000001695086e-04 0.000000000000000000e+00
-5.040000000001696769e-04 0.000000000000000000e+00
-5.020000000001698451e-04 0.000000000000000000e+00
-5.000000000001700133e-04 0.000000000000000000e+00
-4.980000000001701815e-04 0.000000000000000000e+00
-4.960000000001703498e-04 0.000000000000000000e+00
-4.940000000001705180e-04 0.000000000000000000e+00
-4.920000000001706862e-04 0.000000000000000000e+00
-4.900000000001708544e-04 0.000000000000000000e+00
-4.880000000001710227e-04 0.000000000000000000e+00
-4.860000000001711909e-04 0.000000000000000000e+00
-4.840000000001713591e-04 0.000000000000000000e+00
-4.820000000001715273e-04 0.000000000000000000e+00
-4.800000000001716956e-04 0.000000000000000000e+00
-4.780000000001718638e-04 0.000000000000000000e+00
-4.760000000001720320e-04 0.000000000000000000e+00
-4.740000000001722003e-04 0.000000000000000000e+00
-4.720000000001723685e-04 0.000000000000000000e+00
-4.700000000001725367e-04 -4.000000000000000083e-02
-4.680000000001727049e-04 0.000000000000000000e+00
-4.660000000001728732e-04 0.000000000000000000e+00
-4.640000000001730414e-04 0.000000000000000000e+00
-4.620000000001732096e-04 0.000000000000000000e+00
-4.600000000001733778e-04 0.000000000000000000e+00
-4.580000000001735461e-04 0.000000000000000000e+00
-4.560000000001737143e-04 0.000000000000000000e+00
-4.540000000001738825e-04 0.000000000000000000e+00
-4.520000000001740507e-04 0.000000000000000000e+00
-4.500000000001742190e-04 -4.000000000000000083e-02
-4.480000000001743872e-04 0.000000000000000000e+00
-4.460000000001745554e-04 -4.000000000000000083e-02
-4.440000000001747237e-04 0.000000000000000000e+00
-4.420000000001748919e-04 0.000000000000000000e+00
-4.400000000001750601e-04 0.000000000000000000e+00
-4.380000000001752283e-04 0.000000000000000000e+00
-4.360000000001753966e-04 0.000000000000000000e+00
-4.340000000001755648e-04 0.000000000000000000e+00
-4.320000000001757330e-04 0.000000000000000000e+00
-4.300000000001759012e-04 0.000000000000000000e+00
-4.280000000001760695e-04 0.000000000000000000e+00
-4.260000000001762377e-04 0.000000000000000000e+00
-4.240000000001764059e-04 0.000000000000000000e+00
-4.220000000001765741e-04 0.000000000000000000e+00
-4.200000000001767424e-04 0.000000000000000000e+00
-4.180000000001769106e-04 0.000000000000000000e+00
-4.160000000001770788e-04 0.000000000000000000e+00
-4.140000000001772471e-04 0.000000000000000000e+00
-4.120000000001774153e-04 0.000000000000000000e+00
-4.100000000001775835e-04 0.000000000000000000e+00
-4.080000000001777517e-04 0.000000000000000000e+00
-4.060000000001779200e-04 0.000000000000000000e+00
-4.040000000001780882e-04 0.000000000000000000e+00
-4.020000000001782564e-04 0.000000000000000000e+00
-4.000000000001784246e-04 -4.000000000000000083e-02
-3.980000000001785929e-04 0.000000000000000000e+00
-3.960000000001787611e-04 0.000000000000000000e+00
-3.940000000001789293e-04 0.000000000000000000e+00
-3.920000000001790975e-04 0.000000000000000000e+00
-3.900000000001792658e-04 0.000000000000000000e+00
-3.880000000001794340e-04 0.000000000000000000e+00
-3.860000000001796022e-04 0.000000000000000000e+00
-3.840000000001797704e-04 0.000000000000000000e+00
-3.820000000001799387e-04 0.000000000000000000e+00
-3.800000000001801069e-04 0.000000000000000000e+00
-3.780000000001802751e-04 0.000000000000000000e+00
-3.760000000001804434e-04 0.000000000000000000e+00
-3.740000000001806116e-04 0.000000000000000000e+00
-3.720000000001807798e-04 0.000000000000000000e+00
-3.700000000001809480e-04 0.000000000000000000e+00
-3.680000000001811163e-04 0.000000000000000000e+00
-3.660000000001812845e-04 0.000000000000000000e+00
-3.640000000001814527e-04 0.000000000000000000e+00
-3.620000000001816209e-04 0.000000000000000000e+00
-3.600000000001817892e-04 0.000000000000000000e+00
-3.580000000001819574e-04 0.000000000000000000e+00
-3.560000000001821256e-04 0.000000000000000000e+00
-3.540000000001822938e-04 -4.000000000000000083e-02
-3.520000000001824621e-04 0.000000000000000000e+00
-3.500000000001826303e-04 0.000000000000000000e+00
-3.480000000001827985e-04 0.000000000000000000e+00
-3.460000000001829668e-04 0.000000000000000000e+00
-3.440000000001831350e-04 0.000000000000000000e+00
-3.420000000001833032e-04 0.000000000000000000e+00
-3.400000000001834714e-04 0.000000000000000000e+00
-3.380000000001836397e-04 4.000000000000000083e-02
-3.360000000001838079e-04 0.000000000000000000e+00
-3.340000000001839761e-04 0.000000000000000000e+00
-3.320000000001841443e-04 0.000000000000000000e+00
-3.300000000001843126e-04 0.000000000000000000e+00
-3.280000000001844808e-04 0.000000000000000000e+00
-3.260000000001846490e-04 0.000000000000000000e+00
-3.240000000001848172e-04 0.000000000000000000e+00
-3.220000000001849855e-04 0.000000000000000000e+00
-3.200000000001851537e-04 0.000000000000000000e+00
-3.180000000001853219e-04 0.000000000000000000e+00
-3.160000000001854902e-04 0.000000000000000000e+00
-3.140000000001856584e-04 -4.000000000000000083e-02
-3.120000000001858266e-04 0.000000000000000000e+00
-3.100000000001859948e-04 0.000000000000000000e+00
-3.080000000001861631e-04 -4.000000000000000083e-02
-3.060000000001863313e-04 0.000000000000000000e+00
-3.040000000001864995e-04 4.000000000000000083e-02
-3.020000000001866677e-04 0.000000000000000000e+00
-3.000000000001868360e-04 -4.000000000000000083e-02
-2.980000000001870042e-04 0.000000000000000000e+00
-2.960000000001871724e-04 0.000000000000000000e+00
-2.940000000001873406e-04 0.000000000000000000e+00
-2.920000000001875089e-04 0.000000000000000000e+00
-2.900000000001876771e-04 0.000000000000000000e+00
-2.880000000001878453e-04 0.000000000000000000e+00
-2.860000000001880135e-04 0.000000000000000000e+00
-2.840000000001881818e-04 0.000000000000000000e+00
-2.820000000001883500e-04 0.000000000000000000e+00
-2.800000000001885182e-04 -4.000000000000000083e-02
-2.780000000001886865e-04 0.000000000000000000e+00
-2.760000000001888547e-04 4.000000000000000083e-02
-2.740000000001890229e-04 0.000000000000000000e+00
-2.720000000001891911e-04 0.000000000000000000e+00
-2.700000000001893594e-04 0.000000000000000000e+00
-2.680000000001895276e-04 -4.000000000000000083e-02
-2.660000000001896958e-04 0.000000000000000000e+00
-2.640000000001898640e-04 0.000000000000000000e+00
-2.620000000001900323e-04 0.000000000000000000e+00
-2.600000000001902005e-04 -4.000000000000000083e-02
-2.580000000001903687e-04 0.000000000000000000e+00
-2.560000000001905369e-04 0.000000000000000000e+00
-2.540000000001907052e-04 0.000000000000000000e+00
-2.520000000001908734e-04 0.000000000000000000e+00
-2.500000000001910416e-04 0.000000000000000000e+00
-2.480000000001912099e-04 0.000000000000000000e+00
-2.460000000001913781e-04 0.000000000000000000e+00
-2.440000000001915463e-04 0.000000000000000000e+00
-2.420000000001917145e-04 0.000000000000000000e+00
-2.400000000001918828e-04 0.000000000000000000e+00
-2.380000000001920510e-04 0.000000000000000000e+00
-2.360000000001922192e-04 0.000000000000000000e+00
-2.340000000001923874e-04 0.000000000000000000e+00
-2.320000000001925557e-04 0.000000000000000000e+00
-2.300000000001927239e-04 0.000000000000000000e+00
-2.280000000001928921e-04 0.000000000000000000e+00
-2.260000000001930603e-04 0.000000000000000000e+00
-2.240000000001932286e-04 0.000000000000000000e+00
-2.220000000001933968e-04 0.000000000000000000e+00
-2.200000000001935650e-04 0.000000000000000000e+00
-2.180000000001937333e-04 0.000000000000000000e+00
-2.160000000001939015e-04 0.000000000000000000e+00
-2.140000000001940697e-04 0.000000000000000000e+00
-2.120000000001942379e-04 0.000000000000000000e+00
-2.100000000001944062e-04 0.000000000000000000e+00
-2.080000000001945744e-04 -4.000000000000000083e-02
-2.060000000001947426e-04 0.000000000000000000e+00
-2.040000000001949108e-04 0.000000000000000000e+00
-2.020000000001950791e-04 -4.000000000000000083e-02
-2.000000000001952473e-04 0.000000000000000000e+00
-1.980000000001954155e-04 -4.000000000000000083e-02
-1.960000000001955837e-04 0.000000000000000000e+00
-1.940000000001957520e-04 0.000000000000000000e+00
-1.920000000001959202e-04 -4.000000000000000083e-02
-1.900000000001960884e-04 0.000000000000000000e+00
-1.880000000001962566e-04 -4.000000000000000083e-02
-1.860000000001964249e-04 0.000000000000000000e+00
-1.840000000001965931e-04 0.000000000000000000e+00
-1.820000000001967613e-04 0.000000000000000000e+00
-1.800000000001969296e-04 0.000000000000000000e+00
-1.780000000001970978e-04 0.000000000000000000e+00
-1.760000000001972660e-04 0.000000000000000000e+00
-1.740000000001974342e-04 0.000000000000000000e+00
-1.720000000001976025e-04 0.000000000000000000e+00
-1.700000000001977707e-04 0.000000000000000000e+00
-1.680000000001979389e-04 0.000000000000000000e+00
-1.660000000001981071e-04 0.000000000000000000e+00
-1.640000000001982754e-04 0.000000000000000000e+00
-1.620000000001984436e-04 0.000000000000000000e+00
-1.600000000001986118e-04 0.000000000000000000e+00
-1.580000000001987800e-04 0.000000000000000000e+00
-1.560000000001989483e-04 -4.000000000000000083e-02
-1.540000000001991165e-04 0.000000000000000000e+00
-1.520000000001992847e-04 0.000000000000000000e+00
-1.500000000001994530e-04 0.000000000000000000e+00
-1.480000000001996212e-04 0.000000000000000000e+00
-1.460000000001997894e-04 0.000000000000000000e+00
-1.440000000001999576e-04 -4.000000000000000083e-02
-1.420000000002001259e-04 0.000000000000000000e+00
-1.400000000002002941e-04 -4.000000000000000083e-02
-1.380000000002004623e-04 0.000000000000000000e+00
-1.360000000002006305e-04 0.000000000000000000e+00
-1.340000000002007988e-04 0.000000000000000000e+00
-1.320000000002009670e-04 0.000000000000000000e+00
-1.300000000002011352e-04 0.000000000000000000e+00
-1.280000000002013034e-04 0.000000000000000000e+00
-1.260000000002014717e-04 0.000000000000000000e+00
-1.240000000002016399e-04 0.000000000000000000e+00
-1.220000000002018081e-04 0.000000000000000000e+00
-1.200000000002019764e-04 0.000000000000000000e+00
-1.180000000002021446e-04 0.000000000000000000e+00
-1.160000000002023128e-04 0.000000000000000000e+00
-1.140000000002024810e-04 0.000000000000000000e+00
-1.120000000002026493e-04 -4.000000000000000083e-02
-1.100000000002028175e-04 0.000000000000000000e+00
-1.080000000002029857e-04 0.000000000000000000e+00
-1.060000000002031539e-04 4.000000000000000083e-02
-1.040000000002033222e-04 0.000000000000000000e+00
-1.020000000002034904e-04 0.000000000000000000e+00
-1.000000000002036586e-04 0.000000000000000000e+00
-9.800000000020382684e-05 0.000000000000000000e+00
-9.600000000020399507e-05 0.000000000000000000e+00
-9.400000000020416330e-05 0.000000000000000000e+00
-9.200000000020433152e-05 0.000000000000000000e+00
-9.000000000020449975e-05 0.000000000000000000e+00
-8.800000000020466798e-05 0.000000000000000000e+00
-8.600000000020483620e-05 0.000000000000000000e+00
-8.400000000020500443e-05 0.000000000000000000e+00
-8.200000000020517266e-05 0.000000000000000000e+00
-8.000000000020534088e-05 0.000000000000000000e+00
-7.800000000020550911e-05 0.000000000000000000e+00
-7.600000000020567734e-05 0.000000000000000000e+00
-7.400000000020584556e-05 0.000000000000000000e+00
-7.200000000020601379e-05 0.000000000000000000e+00
-7.000000000020618202e-05 0.000000000000000000e+00
-6.800000000020635024e-05 0.000000000000000000e+00
-6.600000000020651847e-05 0.000000000000000000e+00
-6.400000000020668670e-05 0.000000000000000000e+00
-6.200000000020685492e-05 -4.000000000000000083e-02
-6.000000000020702315e-05 0.000000000000000000e+00
-5.800000000020719138e-05 0.000000000000000000e+00
-5.600000000020735960e-05 0.000000000000000000e+00
-5.400000000020752783e-05 0.000000000000000000e+00
-5.200000000020769605e-05 0.000000000000000000e+00
-5.000000000020786428e-05 0.000000000000000000e+00
-4.800000000020803251e-05 0.000000000000000000e+00
-4.600000000020820073e-05 0.000000000000000000e+00
-4.400000000020836896e-05 0.000000000000000000e+00
-4.200000000020853719e-05 0.000000000000000000e+00
-4.000000000020870541e-05 0.000000000000000000e+00
-3.800000000020887364e-05 0.000000000000000000e+00
-3.600000000020904187e-05 -4.000000000000000083e-02
-3.400000000020921009e-05 0.000000000000000000e+00
-3.200000000020937832e-05 0.000000000000000000e+00
-3.000000000020954655e-05 0.000000000000000000e+00
-2.800000000020971477e-05 0.000000000000000000e+00
-2.600000000020988300e-05 4.000000000000000083e-02
-2.400000000021005123e-05 0.000000000000000000e+00
-2.200000000021021945e-05 0.000000000000000000e+00
-2.000000000021038768e-05 0.000000000000000000e+00
-1.800000000021055591e-05 -4.000000000000000083e-02
-1.600000000021072413e-05 0.000000000000000000e+00
-1.400000000021089236e-05 0.000000000000000000e+00
-1.200000000021106059e-05 0.000000000000000000e+00
-1.000000000021122881e-05 0.000000000000000000e+00
-8.000000000211397039e-06 0.000000000000000000e+00
-6.000000000211565265e-06 0.000000000000000000e+00
-4.000000000211733492e-06 0.000000000000000000e+00
-2.000000000211901718e-06 0.000000000000000000e+00
-2.120699449381646673e-16 -4.000000000000000083e-02
1.999999999787761829e-06 0.000000000000000000e+00
3.999999999787593602e-06 0.000000000000000000e+00
5.999999999787425375e-06 0.000000000000000000e+00
7.999999999787257149e-06 0.000000000000000000e+00
9.999999999787088922e-06 4.000000000000000083e-02
1.199999999978692070e-05 0.000000000000000000e+00
1.399999999978675247e-05 0.000000000000000000e+00
1.599999999978658424e-05 0.000000000000000000e+00
1.799999999978641602e-05 0.000000000000000000e+00
1.999999999978624779e-05 0.000000000000000000e+00
2.199999999978607956e-05 0.000000000000000000e+00
2.399999999978591134e-05 0.000000000000000000e+00
2.599999999978574311e-05 0.000000000000000000e+00
2.799999999978557488e-05 0.000000000000000000e+00
2.999999999978540666e-05 0.000000000000000000e+00
3.199999999978523843e-05 0.000000000000000000e+00
3.399999999978507020e-05 0.000000000000000000e+00
3.599999999978490198e-05 0.000000000000000000e+00
3.799999999978473375e-05 0.000000000000000000e+00
3.999999999978456552e-05 0.000000000000000000e+00
4.199999999978439730e-05 0.000000000000000000e+00
4.399999999978422907e-05 0.000000000000000000e+00
4.599999999978406084e-05 0.000000000000000000e+00
4.799999999978389262e-05 0.000000000000000000e+00
4.999999999978372439e-05 0.000000000000000000e+00
5.199999999978355616e-05 0.000000000000000000e+00
5.399999999978338794e-05 0.000000000000000000e+00
5.599999999978321971e-05 0.000000000000000000e+00
5.799999999978305149e-05 0.000000000000000000e+00
5.999999999978288326e-05 0.000000000000000000e+00
6.199999999978271503e-05 0.000000000000000000e+00
6.399999999978254681e-05 0.000000000000000000e+00
6.599999999978237858e-05 0.000000000000000000e+00
6.799999999978221035e-05 0.000000000000000000e+00
6.999999999978204213e-05 0.000000000000000000e+00
7.199999999978187390e-05 0.000000000000000000e+00
7.399999999978170567e-05 0.000000000000000000e+00
7.599999999978153745e-05 -4.000000000000000083e-02
7.799999999978136922e-05 0.000000000000000000e+00
7.999999999978120099e-05 0.000000000000000000e+00
8.199999999978103277e-05 0.000000000000000000e+00
8.399999999978086454e-05 0.000000000000000000e+00
8.599999999978069631e-05 0.000000000000000000e+00
8.799999999978052809e-05 -4.000000000000000083e-02
8.999999999978035986e-05 -4.000000000000000083e-02
9.199999999978019163e-05 0.000000000000000000e+00
9.399999999978002341e-05 0.000000000000000000e+00
9.599999999977985518e-05 0.000000000000000000e+00
9.799999999977968695e-05 0.000000000000000000e+00
9.999999999977951873e-05 0.000000000000000000e+00
1.019999999997793505e-04 0.000000000000000000e+00
1.039999999997791823e-04 0.000000000000000000e+00
1.059999999997790140e-04 0.000000000000000000e+00
1.079999999997788458e-04 0.000000000000000000e+00
1.099999999997786776e-04 0.000000000000000000e+00
1.119999999997785094e-04 0.000000000000000000e+00
1.139999999997783411e-04 0.000000000000000000e+00
1.159999999997781729e-04 0.000000000000000000e+00
1.179999999997780047e-04 0.000000000000000000e+00
1.199999999997778365e-04 0.000000000000000000e+00
1.219999999997776682e-04 0.000000000000000000e+00
1.239999999997775000e-04 0.000000000000000000e+00
1.259999999997773318e-04 0.000000000000000000e+00
1.279999999997771636e-04 -4.000000000000000083e-02
1.299999999997769953e-04 0.000000000000000000e+00
1.319999999997768271e-04 0.000000000000000000e+00
1.339999999997766589e-04 0.000000000000000000e+00
1.359999999997764907e-04 0.000000000000000000e+00
1.379999999997763224e-04 0.000000000000000000e+00
1.399999999997761542e-04 0.000000000000000000e+00
1.419999999997759860e-04 0.000000000000000000e+00
1.439999999997758177e-04 0.000000000000000000e+00
1.459999999997756495e-04 0.000000000000000000e+00
1.479999999997754813e-04 0.000000000000000000e+00
1.499999999997753131e-04 0.000000000000000000e+00
1.519999999997751448e-04 0.000000000000000000e+00
1.539999999997749766e-04 -4.000000000000000083e-02
1.559999999997748084e-04 0.000000000000000000e+00
1.579999999997746402e-04 0.000000000000000000e+00
1.599999999997744719e-04 0.000000000000000000e+00
1.619999999997743037e-04 -4.000000000000000083e-02
1.639999999997741355e-04 0.000000000000000000e+00
1.659999999997739673e-04 0.000000000000000000e+00
1.679999999997737990e-04 4.000000000000000083e-02
1.699999999997736308e-04 0.000000000000000000e+00
1.719999999997734626e-04 0.000000000000000000e+00
1.739999999997732943e-04 0.000000000000000000e+00
1.759999999997731261e-04 0.000000000000000000e+00
1.779999999997729579e-04 4.000000000000000083e-02
1.799999999997727897e-04 0.000000000000000000e+00
1.819999999997726214e-04 0.000000000000000000e+00
1.839999999997724532e-04 0.000000000000000000e+00
1.859999999997722850e-04 4.000000000000000083e-02
1.879999999997721168e-04 0.000000000000000000e+00
1.899999999997719485e-04 0.000000000000000000e+00
1.919999999997717803e-04 0.000000000000000000e+00
1.939999999997716121e-04 0.000000000000000000e+00
1.959999999997714439e-04 0.000000000000000000e+00
1.979999999997712756e-04 0.000000000000000000e+00
1.999999999997711074e-04 0.000000000000000000e+00
2.019999999997709392e-04 4.000000000000000083e-02
2.039999999997707709e-04 0.000000000000000000e+00
2.059999999997706027e-04 4.000000000000000083e-02
2.079999999997704345e-04 0.000000000000000000e+00
2.099999999997702663e-04 4.000000000000000083e-02
2.119999999997700980e-04 0.000000000000000000e+00
2.139999999997699298e-04 0.000000000000000000e+00
2.159999999997697616e-04 0.000000000000000000e+00
2.179999999997695934e-04 0.000000000000000000e+00
2.199999999997694251e-04 0.000000000000000000e+00
2.219999999997692569e-04 0.000000000000000000e+00
2.239999999997690887e-04 0.000000000000000000e+00
2.259999999997689205e-04 0.000000000000000000e+00
2.279999999997687522e-04 -4.000000000000000083e-02
2.299999999997685840e-04 0.000000000000000000e+00
2.319999999997684158e-04 0.000000000000000000e+00
2.339999999997682475e-04 0.000000000000000000e+00
2.359999999997680793e-04 0.000000000000000000e+00
2.379999999997679111e-04 0.000000000000000000e+00
2.399999999997677429e-04 0.000000000000000000e+00
2.419999999997675746e-04 0.000000000000000000e+00
2.439999999997674064e-04 0.000000000000000000e+00
2.459999999997672382e-04 0.000000000000000000e+00
2.479999999997670700e-04 0.000000000000000000e+00
2.499999999997669017e-04 0.000000000000000000e+00
2.519999999997667335e-04 0.000000000000000000e+00
2.539999999997665653e-04 0.000000000000000000e+00
2.559999999997663971e-04 -4.000000000000000083e-02
2.579999999997662288e-04 0.000000000000000000e+00
2.599999999997660606e-04 0.000000000000000000e+00
2.619999999997658924e-04 0.000000000000000000e+00
2.639999999997657242e-04 0.000000000000000000e+00
2.659999999997655559e-04 0.000000000000000000e+00
2.679999999997653877e-04 -4.000000000000000083e-02
2.699999999997652195e-04 0.000000000000000000e+00
2.719999999997650512e-04 0.000000000000000000e+00
2.739999999997648830e-04 0.000000000000000000e+00
2.759999999997647148e-04 0.000000000000000000e+00
2.779999999997645466e-04 0.000000000000000000e+00
2.799999999997643783e-04 0.000000000000000000e+00
2.819999999997642101e-04 0.000000000000000000e+00
2.839999999997640419e-04 0.000000000000000000e+00
2.859999999997638737e-04 0.000000000000000000e+00
2.879999999997637054e-04 0.000000000000000000e+00
2.899999999997635372e-04 0.000000000000000000e+00
2.919999999997633690e-04 0.000000000000000000e+00
2.939999999997632008e-04 0.000000000000000000e+00
2.959999999997630325e-04 0.000000000000000000e+00
2.979999999997628643e-04 0.000000000000000000e+00
2.999999999997626961e-04 -4.000000000000000083e-02
3.019999999997625278e-04 0.000000000000000000e+00
3.039999999997623596e-04 0.000000000000000000e+00
3.059999999997621914e-04 0.000000000000000000e+00
3.079999999997620232e-04 0.000000000000000000e+00
3.099999999997618549e-04 0.000000000000000000e+00
3.119999999997616867e-04 0.000000000000000000e+00
3.139999999997615185e-04 0.000000000000000000e+00
3.159999999997613503e-04 0.000000000000000000e+00
3.179999999997611820e-04 0.000000000000000000e+00
3.199999999997610138e-04 0.000000000000000000e+00
3.219999999997608456e-04 0.000000000000000000e+00
3.239999999997606774e-04 -4.000000000000000083e-02
3.259999999997605091e-04 0.000000000000000000e+00
3.279999999997603409e-04 0.000000000000000000e+00
3.299999999997601727e-04 0.000000000000000000e+00
3.319999999997600044e-04 0.000000000000000000e+00
3.339999999997598362e-04 0.000000000000000000e+00
3.359999999997596680e-04 0.000000000000000000e+00
3.379999999997594998e-04 4.000000000000000083e-02
3.399999999997593315e-04 -4.000000000000000083e-02
3.419999999997591633e-04 0.000000000000000000e+00
3.439999999997589951e-04 0.000000000000000000e+00
3.459999999997588269e-04 0.000000000000000000e+00
3.479999999997586586e-04 0.000000000000000000e+00
3.499999999997584904e-04 0.000000000000000000e+00
3.519999999997583222e-04 0.000000000000000000e+00
3.539999999997581540e-04 -4.000000000000000083e-02
3.559999999997579857e-04 -4.000000000000000083e-02
3.579999999997578175e-04 0.000000000000000000e+00
3.599999999997576493e-04 0.000000000000000000e+00
3.619999999997574811e-04 0.000000000000000000e+00
3.639999999997573128e-04 0.000000000000000000e+00
3.659999999997571446e-04 0.000000000000000000e+00
3.679999999997569764e-04 0.000000000000000000e+00
3.699999999997568081e-04 0.000000000000000000e+00
3.719999999997566399e-04 0.000000000000000000e+00
3.739999999997564717e-04 0.000000000000000000e+00
3.759999999997563035e-04 0.000000000000000000e+00
3.779999999997561352e-04 -4.000000000000000083e-02
3.799999999997559670e-04 0.000000000000000000e+00
3.819999999997557988e-04 0.000000000000000000e+00
3.839999999997556306e-04 0.000000000000000000e+00
3.859999999997554623e-04 0.000000000000000000e+00
3.879999999997552941e-04 0.000000000000000000e+00
3.899999999997551259e-04 0.000000000000000000e+00
3.919999999997549577e-04 0.000000000000000000e+00
3.939999999997547894e-04 0.000000000000000000e+00
3.959999999997546212e-04 0.000000000000000000e+00
3.979999999997544530e-04 -4.000000000000000083e-02
3.999999999997542847e-04 0.000000000000000000e+00
4.019999999997541165e-04 0.000000000000000000e+00
4.039999999997539483e-04 0.000000000000000000e+00
4.059999999997537801e-04 0.000000000000000000e+00
4.079999999997536118e-04 4.000000000000000083e-02
4.099999999997534436e-04 0.000000000000000000e+00
4.119999999997532754e-04 0.000000000000000000e+00
4.139999999997531072e-04 0.000000000000000000e+00
4.159999999997529389e-04 0.000000000000000000e+00
4.179999999997527707e-04 0.000000000000000000e+00
4.199999999997526025e-04 0.000000000000000000e+00
4.219999999997524343e-04 0.000000000000000000e+00
4.239999999997522660e-04 0.000000000000000000e+00
4.259999999997520978e-04 0.000000000000000000e+00
4.279999999997519296e-04 0.000000000000000000e+00
4.299999999997517613e-04 0.000000000000000000e+00
4.319999999997515931e-04 0.000000000000000000e+00
4.339999999997514249e-04 0.000000000000000000e+00
4.359999999997512567e-04 0.000000000000000000e+00
4.379999999997510884e-04 0.000000000000000000e+00
4.399999999997509202e-04 0.000000000000000000e+00
4.419999999997507520e-04 0.000000000000000000e+00
4.439999999997505838e-04 0.000000000000000000e+00
4.459999999997504155e-04 0.000000000000000000e+00
4.479999999997502473e-04 0.000000000000000000e+00
4.499999999997500791e-04 0.000000000000000000e+00
4.519999999997499109e-04 0.000000000000000000e+00
4.539999999997497426e-04 0.000000000000000000e+00
4.559999999997495744e-04 -4.000000000000000083e-02
4.579999999997494062e-04 4.000000000000000083e-02
4.599999999997492379e-04 0.000000000000000000e+00
4.619999999997490697e-04 0.000000000000000000e+00
4.639999999997489015e-04 4.000000000000000083e-02
4.659999999997487333e-04 -4.000000000000000083e-02
4.679999999997485650e-04 0.000000000000000000e+00
4.699999999997483968e-04 0.000000000000000000e+00
4.719999999997482286e-04 4.000000000000000083e-02
4.739999999997480604e-04 -4.000000000000000083e-02
4.759999999997478921e-04 4.000000000000000083e-02
4.779999999997477239e-04 0.000000000000000000e+00
4.799999999997475557e-04 0.000000000000000000e+00
4.819999999997473875e-04 0.000000000000000000e+00
4.839999999997472192e-04 0.000000000000000000e+00
4.859999999997470510e-04 0.000000000000000000e+00
4.879999999997468828e-04 0.000000000000000000e+00
4.899999999997467146e-04 0.000000000000000000e+00
4.919999999997465463e-04 0.000000000000000000e+00
4.939999999997463781e-04 0.000000000000000000e+00
4.959999999997462099e-04 0.000000000000000000e+00
4.979999999997460416e-04 0.000000000000000000e+00
4.999999999997458734e-04 0.000000000000000000e+00
5.019999999997457052e-04 0.000000000000000000e+00
5.039999999997455370e-04 0.000000000000000000e+00
5.059999999997453687e-04 0.000000000000000000e+00
5.079999999997452005e-04 0.000000000000000000e+00
5.099999999997450323e-04 -4.000000000000000083e-02
5.119999999997448641e-04 0.000000000000000000e+00
5.139999999997446958e-04 0.000000000000000000e+00
5.159999999997445276e-04 0.000000000000000000e+00
5.179999999997443594e-04 0.000000000000000000e+00
5.199999999997441912e-04 0.000000000000000000e+00
5.219999999997440229e-04 0.000000000000000000e+00
5.239999999997438547e-04 0.000000000000000000e+00
5.259999999997436865e-04 0.000000000000000000e+00
5.279999999997435182e-04 0.000000000000000000e+00
5.299999999997433500e-04 -4.000000000000000083e-02
5.319999999997431818e-04 0.000000000000000000e+00
5.339999999997430136e-04 0.000000000000000000e+00
5.359999999997428453e-04 0.000000000000000000e+00
5.379999999997426771e-04 0.000000000000000000e+00
5.399999999997425089e-04 0.000000000000000000e+00
5.419999999997423407e-04 0.000000000000000000e+00
5.439999999997421724e-04 0.000000000000000000e+00
5.459999999997420042e-04 0.000000000000000000e+00
5.479999999997418360e-04 0.000000000000000000e+00
5.499999999997416678e-04 0.000000000000000000e+00
5.519999999997414995e-04 0.000000000000000000e+00
5.539999999997413313e-04 0.000000000000000000e+00
5.559999999997411631e-04 0.000000000000000000e+00
5.579999999997409948e-04 0.000000000000000000e+00
5.599999999997408266e-04 0.000000000000000000e+00
5.619999999997406584e-04 0.000000000000000000e+00
5.639999999997404902e-04 -4.000000000000000083e-02
5.659999999997403219e-04 0.000000000000000000e+00
5.679999999997401537e-04 0.000000000000000000e+00
5.699999999997399855e-04 0.000000000000000000e+00
5.719999999997398173e-04 0.000000000000000000e+00
5.739999999997396490e-04 0.000000000000000000e+00
5.759999999997394808e-04 0.000000000000000000e+00
5.779999999997393126e-04 0.000000000000000000e+00
5.799999999997391444e-04 0.000000000000000000e+00
5.819999999997389761e-04 0.000000000000000000e+00
5.839999999997388079e-04 0.000000000000000000e+00
5.859999999997386397e-04 0.000000000000000000e+00
5.879999999997384715e-04 -4.000000000000000083e-02
5.899999999997383032e-04 0.000000000000000000e+00
5.919999999997381350e-04 0.000000000000000000e+00
5.939999999997379668e-04 0.000000000000000000e+00
5.959999999997377985e-04 0.000000000000000000e+00
5.979999999997376303e-04 0.000000000000000000e+00
5.999999999997374621e-04 0.000000000000000000e+00
6.019999999997372939e-04 0.000000000000000000e+00
6.039999999997371256e-04 0.000000000000000000e+00
6.059999999997369574e-04 -4.000000000000000083e-02
6.079999999997367892e-04 0.000000000000000000e+00
6.099999999997366210e-04 0.000000000000000000e+00
6.119999999997364527e-04 0.000000000000000000e+00
6.139999999997362845e-04 0.000000000000000000e+00
6.159999999997361163e-04 0.000000000000000000e+00
6.179999999997359481e-04 0.000000000000000000e+00
6.199999999997357798e-04 -4.000000000000000083e-02
6.219999999997356116e-04 0.000000000000000000e+00
6.239999999997354434e-04 0.000000000000000000e+00
6.259999999997352751e-04 0.000000000000000000e+00
6.279999999997351069e-04 0.000000000000000000e+00
6.299999999997349387e-04 -4.000000000000000083e-02
6.319999999997347705e-04 0.000000000000000000e+00
6.339999999997346022e-04 0.000000000000000000e+00
6.359999999997344340e-04 4.000000000000000083e-02
6.379999999997342658e-04 0.000000000000000000e+00
6.399999999997340976e-04 0.000000000000000000e+00
6.419999999997339293e-04 0.000000000000000000e+00
6.439999999997337611e-04 0.000000000000000000e+00
6.459999999997335929e-04 0.000000000000000000e+00
6.479999999997334247e-04 0.000000000000000000e+00
6.499999999997332564e-04 0.000000000000000000e+00
6.519999999997330882e-04 0.000000000000000000e+00
6.539999999997329200e-04 0.000000000000000000e+00
6.559999999997327517e-04 0.000000000000000000e+00
6.579999999997325835e-04 0.000000000000000000e+00
6.599999999997324153e-04 0.000000000000000000e+00
6.619999999997322471e-04 0.000000000000000000e+00
6.639999999997320788e-04 -4.000000000000000083e-02
6.659999999997319106e-04 0.000000000000000000e+00
6.679999999997317424e-04 0.000000000000000000e+00
6.699999999997315742e-04 4.000000000000000083e-02
6.719999999997314059e-04 0.000000000000000000e+00
6.739999999997312377e-04 0.000000000000000000e+00
6.759999999997310695e-04 0.000000000000000000e+00
6.779999999997309013e-04 0.000000000000000000e+00
6.799999999997307330e-04 0.000000000000000000e+00
6.819999999997305648e-04 0.000000000000000000e+00
6.839999999997303966e-04 0.000000000000000000e+00
6.859999999997302284e-04 0.000000000000000000e+00
6.879999999997300601e-04 0.000000000000000000e+00
6.899999999997298919e-04 0.000000000000000000e+00
6.919999999997297237e-04 0.000000000000000000e+00
6.939999999997295554e-04 0.000000000000000000e+00
6.959999999997293872e-04 0.000000000000000000e+00
6.979999999997292190e-04 -4.000000000000000083e-02
6.999999999997290508e-04 0.000000000000000000e+00
7.019999999997288825e-04 0.000000000000000000e+00
7.039999999997287143e-04 0.000000000000000000e+00
7.059999999997285461e-04 -4.000000000000000083e-02
7.079999999997283779e-04 -4.000000000000000083e-02
7.099999999997282096e-04 0.000000000000000000e+00
7.119999999997280414e-04 0.000000000000000000e+00
7.139999999997278732e-04 0.000000000000000000e+00
7.159999999997277050e-04 0.000000000000000000e+00
7.179999999997275367e-04 0.000000000000000000e+00
7.199999999997273685e-04 4.000000000000000083e-02
7.219999999997272003e-04 0.000000000000000000e+00
7.239999999997270320e-04 0.000000000000000000e+00
7.259999999997268638e-04 -4.000000000000000083e-02
7.279999999997266956e-04 0.000000000000000000e+00
7.299999999997265274e-04 0.000000000000000000e+00
7.319999999997263591e-04 0.000000000000000000e+00
7.339999999997261909e-04 0.000000000000000000e+00
7.359999999997260227e-04 0.000000000000000000e+00
7.379999999997258545e-04 0.000000000000000000e+00
7.399999999997256862e-04 0.000000000000000000e+00
7.419999999997255180e-04 0.000000000000000000e+00
7.439999999997253498e-04 0.000000000000000000e+00
7.459999999997251816e-04 0.000000000000000000e+00
7.479999999997250133e-04 -4.000000000000000083e-02
7.499999999997248451e-04 0.000000000000000000e+00
7.519999999997246769e-04 0.000000000000000000e+00
7.539999999997245086e-04 0.000000000000000000e+00
7.559999999997243404e-04 0.000000000000000000e+00
7.579999999997241722e-04 0.000000000000000000e+00
7.599999999997240040e-04 0.000000000000000000e+00
7.619999999997238357e-04 0.000000000000000000e+00
7.639999999997236675e-04 4.000000000000000083e-02
7.659999999997234993e-04 0.000000000000000000e+00
7.679999999997233311e-04 0.000000000000000000e+00
7.699999999997231628e-04 0.000000000000000000e+00
7.719999999997229946e-04 0.000000000000000000e+00
7.739999999997228264e-04 0.000000000000000000e+00
7.759999999997226582e-04 0.000000000000000000e+00
7.779999999997224899e-04 0.000000000000000000e+00
7.799999999997223217e-04 0.000000000000000000e+00
7.819999999997221535e-04 0.000000000000000000e+00
7.839999999997219852e-04 0.000000000000000000e+00
7.859999999997218170e-04 0.000000000000000000e+00
7.879999999997216488e-04 0.000000000000000000e+00
7.899999999997214806e-04 0.000000000000000000e+00
7.919999999997213123e-04 0.000000000000000000e+00
7.939999999997211441e-04 0.000000000000000000e+00
7.959999999997209759e-04 4.000000000000000083e-02
7.979999999997208077e-04 0.000000000000000000e+00
7.999999999997206394e-04 0.000000000000000000e+00
8.019999999997204712e-04 0.000000000000000000e+00
8.039999999997203030e-04 4.000000000000000083e-02
8.059999999997201348e-04 0.000000000000000000e+00
8.079999999997199665e-04 0.000000000000000000e+00
8.099999999997197983e-04 0.000000000000000000e+00
8.119999999997196301e-04 0.000000000000000000e+00
8.139999999997194619e-04 0.000000000000000000e+00
8.159999999997192936e-04 0.000000000000000000e+00
8.179999999997191254e-04 0.000000000000000000e+00
8.199999999997189572e-04 0.000000000000000000e+00
8.219999999997187889e-04 0.000000000000000000e+00
8.239999999997186207e-04 0.000000000000000000e+00
8.259999999997184525e-04 0.000000000000000000e+00
8.279999999997182843e-04 0.000000000000000000e+00
8.299999999997181160e-04 0.000000000000000000e+00
8.319999999997179478e-04 0.000000000000000000e+00
8.339999999997177796e-04 0.000000000000000000e+00
8.359999999997176114e-04 0.000000000000000000e+00
8.379999999997174431e-04 0.000000000000000000e+00
8.399999999997172749e-04 0.000000000000000000e+00
8.419999999997171067e-04 -4.000000000000000083e-02
8.439999999997169385e-04 4.000000000000000083e-02
8.459999999997167702e-04 0.000000000000000000e+00
8.479999999997166020e-04 0.000000000000000000e+00
8.499999999997164338e-04 0.000000000000000000e+00
8.519999999997162655e-04 0.000000000000000000e+00
8.539999999997160973e-04 0.000000000000000000e+00
8.559999999997159291e-04 0.000000000000000000e+00
8.579999999997157609e-04 0.000000000000000000e+00
8.599999999997155926e-04 0.000000000000000000e+00
8.619999999997154244e-04 -4.000000000000000083e-02
8.639999999997152562e-04 0.000000000000000000e+00
8.659999999997150880e-04 0.000000000000000000e+00
8.679999999997149197e-04 0.000000000000000000e+00
8.699999999997147515e-04 0.000000000000000000e+00
8.719999999997145833e-04 0.000000000000000000e+00
8.739999999997144151e-04 0.000000000000000000e+00
8.759999999997142468e-04 0.000000000000000000e+00
8.779999999997140786e-04 0.000000000000000000e+00
8.799999999997139104e-04 -4.000000000000000083e-02
8.819999999997137421e-04 4.000000000000000083e-02
8.839999999997135739e-04 4.000000000000000083e-02
8.859999999997134057e-04 0.000000000000000000e+00
8.879999999997132375e-04 0.000000000000000000e+00
8.899999999997130692e-04 -4.000000000000000083e-02
8.919999999997129010e-04 0.000000000000000000e+00
8.939999999997127328e-04 0.000000000000000000e+00
8.959999999997125646e-04 0.000000000000000000e+00
8.979999999997123963e-04 0.000000000000000000e+00
8.999999999997122281e-04 0.000000000000000000e+00
9.019999999997120599e-04 4.000000000000000083e-02
9.039999999997118917e-04 4.000000000000000083e-02
9.059999999997117234e-04 0.000000000000000000e+00
9.079999999997115552e-04 -4.000000000000000083e-02
9.099999999997113870e-04 0.000000000000000000e+00
9.119999999997112188e-04 0.000000000000000000e+00
9.139999999997110505e-04 0.000000000000000000e+00
9.159999999997108823e-04 0.000000000000000000e+00
9.179999999997107141e-04 0.000000000000000000e+00
9.199999999997105458e-04 0.000000000000000000e+00
9.219999999997103776e-04 -4.000000000000000083e-02
9.239999999997102094e-04 0.000000000000000000e+00
9.259999999997100412e-04 0.000000000000000000e+00
9.279999999997098729e-04 4.000000000000000083e-02
9.299999999997097047e-04 0.000000000000000000e+00
9.319999999997095365e-04 0.000000000000000000e+00
9.339999999997093683e-04 0.000000000000000000e+00
9.359999999997092000e-04 0.000000000000000000e+00
9.379999999997090318e-04 0.000000000000000000e+00
9.399999999997088636e-04 0.000000000000000000e+00
9.419999999997086954e-04 0.000000000000000000e+00
9.439999999997085271e-04 0.000000000000000000e+00
9.459999999997083589e-04 0.000000000000000000e+00
9.479999999997081907e-04 0.000000000000000000e+00
9.499999999997080224e-04 0.000000000000000000e+00
9.519999999997078542e-04 0.000000000000000000e+00
9.539999999997076860e-04 0.000000000000000000e+00
9.559999999997075178e-04 -4.000000000000000083e-02
9.579999999997073495e-04 0.000000000000000000e+00
9.599999999997071813e-04 0.000000000000000000e+00
9.619999999997070131e-04 0.000000000000000000e+00
9.639999999997068449e-04 0.000000000000000000e+00
9.659999999997066766e-04 0.000000000000000000e+00
9.679999999997065084e-04 0.000000000000000000e+00
9.699999999997063402e-04 0.000000000000000000e+00
9.719999999997061720e-04 0.000000000000000000e+00
9.739999999997060037e-04 0.000000000000000000e+00
9.759999999997058355e-04 0.000000000000000000e+00
9.779999999997056673e-04 0.000000000000000000e+00
9.799999999997054990e-04 -4.000000000000000083e-02
9.819999999997053308e-04 0.000000000000000000e+00
9.839999999997051626e-04 -4.000000000000000083e-02
9.859999999997049944e-04 -4.000000000000000083e-02
9.879999999997048261e-04 0.000000000000000000e+00
9.899999999997046579e-04 0.000000000000000000e+00
9.919999999997044897e-04 0.000000000000000000e+00
9.939999999997043215e-04 0.000000000000000000e+00
9.959999999997041532e-04 0.000000000000000000e+00
9.979999999997039850e-04 -4.000000000000000083e-02
9.999999999997038168e-04 0.000000000000000000e+00
1.001999999999703649e-03 0.000000000000000000e+00
1.003999999999703480e-03 0.000000000000000000e+00
1.005999999999703312e-03 0.000000000000000000e+00
1.007999999999703144e-03 0.000000000000000000e+00
1.009999999999702976e-03 0.000000000000000000e+00
1.011999999999702807e-03 0.000000000000000000e+00
1.013999999999702639e-03 -4.000000000000000083e-02
1.015999999999702471e-03 0.000000000000000000e+00
1.017999999999702303e-03 -4.000000000000000083e-02
1.019999999999702135e-03 0.000000000000000000e+00
1.021999999999701966e-03 0.000000000000000000e+00
1.023999999999701798e-03 0.000000000000000000e+00
1.025999999999701630e-03 0.000000000000000000e+00
1.027999999999701462e-03 0.000000000000000000e+00
1.029999999999701293e-03 0.000000000000000000e+00
1.031999999999701125e-03 0.000000000000000000e+00
1.033999999999700957e-03 -4.000000000000000083e-02
1.035999999999700789e-03 0.000000000000000000e+00
1.037999999999700620e-03 -4.000000000000000083e-02
1.039999999999700452e-03 0.000000000000000000e+00
1.041999999999700284e-03 0.000000000000000000e+00
1.043999999999700116e-03 0.000000000000000000e+00
1.045999999999699948e-03 0.000000000000000000e+00
1.047999999999699779e-03 0.000000000000000000e+00
1.049999999999699611e-03 0.000000000000000000e+00
1.051999999999699443e-03 4.000000000000000083e-02
1.053999999999699275e-03 0.000000000000000000e+00
1.055999999999699106e-03 0.000000000000000000e+00
1.057999999999698938e-03 0.000000000000000000e+00
1.059999999999698770e-03 0.000000000000000000e+00
1.061999999999698602e-03 0.000000000000000000e+00
1.063999999999698434e-03 0.000000000000000000e+00
1.065999999999698265e-03 0.000000000000000000e+00
1.067999999999698097e-03 0.000000000000000000e+00
1.069999999999697929e-03 0.000000000000000000e+00
1.071999999999697761e-03 0.000000000000000000e+00
1.073999999999697592e-03 0.000000000000000000e+00
1.075999999999697424e-03 0.000000000000000000e+00
1.077999999999697256e-03 0.000000000000000000e+00
1.079999999999697088e-03 0.000000000000000000e+00
1.081999999999696919e-03 0.000000000000000000e+00
1.083999999999696751e-03 0.000000000000000000e+00
1.085999999999696583e-03 0.000000000000000000e+00
1.087999999999696415e-03 0.000000000000000000e+00
1.089999999999696247e-03 0.000000000000000000e+00
1.091999999999696078e-03 -4.000000000000000083e-02
1.093999999999695910e-03 0.000000000000000000e+00
1.095999999999695742e-03 0.000000000000000000e+00
1.097999999999695574e-03 0.000000000000000000e+00
1.099999999999695405e-03 4.000000000000000083e-02
1.101999999999695237e-03 0.000000000000000000e+00
1.103999999999695069e-03 0.000000000000000000e+00
1.105999999999694901e-03 0.000000000000000000e+00
1.107999999999694733e-03 0.000000000000000000e+00
1.109999999999694564e-03 0.000000000000000000e+00
1.111999999999694396e-03 0.000000000000000000e+00
1.113999999999694228e-03 -4.000000000000000083e-02
1.115999999999694060e-03 0.000000000000000000e+00
1.117999999999693891e-03 0.000000000000000000e+00
1.119999999999693723e-03 -4.000000000000000083e-02
1.121999999999693555e-03 0.000000000000000000e+00
1.123999999999693387e-03 -4.000000000000000083e-02
1.125999999999693219e-03 0.000000000000000000e+00
1.127999999999693050e-03 0.000000000000000000e+00
1.129999999999692882e-03 0.000000000000000000e+00
1.131999999999692714e-03 0.000000000000000000e+00
1.133999999999692546e-03 0.000000000000000000e+00
1.135999999999692377e-03 -4.000000000000000083e-02
1.137999999999692209e-03 0.000000000000000000e+00
1.139999999999692041e-03 0.000000000000000000e+00
1.141999999999691873e-03 0.000000000000000000e+00
1.143999999999691704e-03 0.000000000000000000e+00
1.145999999999691536e-03 4.000000000000000083e-02
1.147999999999691368e-03 0.000000000000000000e+00
1.149999999999691200e-03 0.000000000000000000e+00
1.151999999999691032e-03 -4.000000000000000083e-02
1.153999999999690863e-03 0.000000000000000000e+00
1.155999999999690695e-03 0.000000000000000000e+00
1.157999999999690527e-03 -4.000000000000000083e-02
1.159999999999690359e-03 0.000000000000000000e+00
1.161999999999690190e-03 0.000000000000000000e+00
1.163999999999690022e-03 0.000000000000000000e+00
1.165999999999689854e-03 0.000000000000000000e+00
1.167999999999689686e-03 0.000000000000000000e+00
1.169999999999689518e-03 0.000000000000000000e+00
1.171999999999689349e-03 -4.000000000000000083e-02
1.173999999999689181e-03 0.000000000000000000e+00
1.175999999999689013e-03 0.000000000000000000e+00
1.177999999999688845e-03 0.000000000000000000e+00
1.179999999999688676e-03 0.000000000000000000e+00
1.181999999999688508e-03 4.000000000000000083e-02
1.183999999999688340e-03 0.000000000000000000e+00
1.185999999999688172e-03 0.000000000000000000e+00
1.187999999999688003e-03 4.000000000000000083e-02
1.189999999999687835e-03 0.000000000000000000e+00
1.191999999999687667e-03 0.000000000000000000e+00
1.193999999999687499e-03 0.000000000000000000e+00
1.195999999999687331e-03 -4.000000000000000083e-02
1.197999999999687162e-03 0.000000000000000000e+00
1.199999999999686994e-03 4.000000000000000083e-02
1.201999999999686826e-03 0.000000000000000000e+00
1.203999999999686658e-03 0.000000000000000000e+00
1.205999999999686489e-03 0.000000000000000000e+00
1.207999999999686321e-03 0.000000000000000000e+00
1.209999999999686153e-03 0.000000000000000000e+00
1.211999999999685985e-03 0.000000000000000000e+00
1.213999999999685817e-03 -4.000000000000000083e-02
1.215999999999685648e-03 4.000000000000000083e-02
1.217999999999685480e-03 0.000000000000000000e+00
1.219999999999685312e-03 0.000000000000000000e+00
1.221999999999685144e-03 0.000000000000000000e+00
1.223999999999684975e-03 0.000000000000000000e+00
1.225999999999684807e-03 0.000000000000000000e+00
1.227999999999684639e-03 -4.000000000000000083e-02
1.229999999999684471e-03 4.000000000000000083e-02
1.231999999999684303e-03 0.000000000000000000e+00
1.233999999999684134e-03 0.000000000000000000e+00
1.235999999999683966e-03 0.000000000000000000e+00
1.237999999999683798e-03 0.000000000000000000e+00
1.239999999999683630e-03 0.000000000000000000e+00
1.241999999999683461e-03 0.000000000000000000e+00
1.243999999999683293e-03 0.000000000000000000e+00
1.245999999999683125e-03 0.000000000000000000e+00
1.247999999999682957e-03 0.000000000000000000e+00
1.249999999999682788e-03 0.000000000000000000e+00
1.251999999999682620e-03 0.000000000000000000e+00
1.253999999999682452e-03 0.000000000000000000e+00
1.255999999999682284e-03 0.000000000000000000e+00
1.257999999999682116e-03 0.000000000000000000e+00
1.259999999999681947e-03 0.000000000000000000e+00
1.261999999999681779e-03 0.000000000000000000e+00
1.263999999999681611e-03 0.000000000000000000e+00
1.265999999999681443e-03 0.000000000000000000e+00
1.267999999999681274e-03 0.000000000000000000e+00
1.269999999999681106e-03 0.000000000000000000e+00
1.271999999999680938e-03 0.000000000000000000e+00
1.273999999999680770e-03 0.000000000000000000e+00
1.275999999999680602e-03 0.000000000000000000e+00
1.277999999999680433e-03 0.000000000000000000e+00
1.279999999999680265e-03 0.000000000000000000e+00
1.281999999999680097e-03 0.000000000000000000e+00
1.283999999999679929e-03 -4.000000000000000083e-02
1.285999999999679760e-03 0.000000000000000000e+00
1.287999999999679592e-03 0.000000000000000000e+00
1.289999999999679424e-03 0.000000000000000000e+00
1.291999999999679256e-03 0.000000000000000000e+00
1.293999999999679087e-03 0.000000000000000000e+00
1.295999999999678919e-03 -4.000000000000000083e-02
1.297999999999678751e-03 0.000000000000000000e+00
1.299999999999678583e-03 0.000000000000000000e+00
1.301999999999678415e-03 0.000000000000000000e+00
1.303999999999678246e-03 0.000000000000000000e+00
1.305999999999678078e-03 0.000000000000000000e+00
1.307999999999677910e-03 0.000000000000000000e+00
1.309999999999677742e-03 0.000000000000000000e+00
1.311999999999677573e-03 0.000000000000000000e+00
1.313999999999677405e-03 0.000000000000000000e+00
1.315999999999677237e-03 0.000000000000000000e+00
1.317999999999677069e-03 0.000000000000000000e+00
1.319999999999676901e-03 0.000000000000000000e+00
1.321999999999676732e-03 0.000000000000000000e+00
1.323999999999676564e-03 0.000000000000000000e+00
1.325999999999676396e-03 0.000000000000000000e+00
1.327999999999676228e-03 0.000000000000000000e+00
1.329999999999676059e-03 0.000000000000000000e+00
1.331999999999675891e-03 -4.000000000000000083e-02
1.333999999999675723e-03 0.000000000000000000e+00
1.335999999999675555e-03 0.000000000000000000e+00
1.337999999999675386e-03 0.000000000000000000e+00
1.339999999999675218e-03 0.000000000000000000e+00
1.341999999999675050e-03 0.000000000000000000e+00
1.343999999999674882e-03 0.000000000000000000e+00
1.345999999999674714e-03 0.000000000000000000e+00
1.347999999999674545e-03 0.000000000000000000e+00
1.349999999999674377e-03 0.000000000000000000e+00
1.351999999999674209e-03 -4.000000000000000083e-02
1.353999999999674041e-03 -4.000000000000000083e-02
1.355999999999673872e-03 0.000000000000000000e+00
1.357999999999673704e-03 0.000000000000000000e+00
1.359999999999673536e-03 4.000000000000000083e-02
1.361999999999673368e-03 -4.000000000000000083e-02
1.363999999999673200e-03 0.000000000000000000e+00
1.365999999999673031e-03 0.000000000000000000e+00
1.367999999999672863e-03 0.000000000000000000e+00
1.369999999999672695e-03 0.000000000000000000e+00
1.371999999999672527e-03 0.000000000000000000e+00
1.373999999999672358e-03 0.000000000000000000e+00
1.375999999999672190e-03 -4.000000000000000083e-02
1.377999999999672022e-03 0.000000000000000000e+00
1.379999999999671854e-03 0.000000000000000000e+00
1.381999999999671686e-03 0.000000000000000000e+00
1.383999999999671517e-03 0.000000000000000000e+00
1.385999999999671349e-03 0.000000000000000000e+00
1.387999999999671181e-03 0.000000000000000000e+00
1.389999999999670579e-03 0.000000000000000000e+00
1.391999999999670844e-03 4.000000000000000083e-02
1.393999999999671110e-03 0.000000000000000000e+00
1.395999999999670508e-03 0.000000000000000000e+00
1.397999999999669906e-03 0.000000000000000000e+00
1.399999999999670171e-03 0.000000000000000000e+00
1.401999999999670437e-03 0.000000000000000000e+00
1.403999999999669835e-03 0.000000000000000000e+00
1.405999999999669233e-03 0.000000000000000000e+00
1.407999999999669499e-03 0.000000000000000000e+00
1.409999999999669764e-03 0.000000000000000000e+00
1.411999999999669162e-03 0.000000000000000000e+00
1.413999999999668560e-03 0.000000000000000000e+00
1.415999999999668826e-03 0.000000000000000000e+00
1.417999999999669091e-03 0.000000000000000000e+00
1.419999999999668489e-03 0.000000000000000000e+00
1.421999999999667887e-03 0.000000000000000000e+00
1.423999999999668153e-03 0.000000000000000000e+00
1.425999999999668418e-03 0.000000000000000000e+00
1.427999999999667816e-03 0.000000000000000000e+00
1.429999999999667214e-03 0.000000000000000000e+00
1.431999999999667480e-03 0.000000000000000000e+00
1.433999999999667745e-03 0.000000000000000000e+00
1.435999999999667143e-03 0.000000000000000000e+00
1.437999999999666541e-03 0.000000000000000000e+00
1.439999999999666807e-03 4.000000000000000083e-02
1.441999999999667072e-03 0.000000000000000000e+00
1.443999999999666470e-03 0.000000000000000000e+00
1.445999999999665869e-03 0.000000000000000000e+00
1.447999999999666134e-03 0.000000000000000000e+00
1.449999999999666399e-03 0.000000000000000000e+00
1.451999999999665798e-03 0.000000000000000000e+00
1.453999999999665196e-03 0.000000000000000000e+00
1.455999999999665461e-03 0.000000000000000000e+00
1.457999999999665727e-03 0.000000000000000000e+00
1.459999999999665125e-03 0.000000000000000000e+00
1.461999999999664523e-03 0.000000000000000000e+00
1.463999999999664788e-03 0.000000000000000000e+00
1.465999999999665054e-03 0.000000000000000000e+00
1.467999999999664452e-03 0.000000000000000000e+00
1.469999999999663850e-03 0.000000000000000000e+00
1.471999999999664115e-03 0.000000000000000000e+00
1.473999999999664381e-03 0.000000000000000000e+00
1.475999999999663779e-03 -4.000000000000000083e-02
1.477999999999663177e-03 0.000000000000000000e+00
1.479999999999663442e-03 -4.000000000000000083e-02
1.481999999999663708e-03 0.000000000000000000e+00
1.483999999999663106e-03 0.000000000000000000e+00
1.485999999999662504e-03 -4.000000000000000083e-02
1.487999999999662770e-03 0.000000000000000000e+00
1.489999999999663035e-03 0.000000000000000000e+00
1.491999999999662433e-03 0.000000000000000000e+00
1.493999999999661831e-03 0.000000000000000000e+00
1.495999999999662097e-03 0.000000000000000000e+00
1.497999999999662362e-03 0.000000000000000000e+00
1.499999999999661760e-03 0.000000000000000000e+00
1.501999999999661158e-03 0.000000000000000000e+00
1.503999999999661424e-03 4.000000000000000083e-02
1.505999999999661689e-03 4.000000000000000083e-02
1.507999999999661087e-03 0.000000000000000000e+00
1.509999999999660485e-03 0.000000000000000000e+00
1.511999999999660751e-03 0.000000000000000000e+00
1.513999999999661016e-03 0.000000000000000000e+00
1.515999999999660414e-03 0.000000000000000000e+00
1.517999999999659812e-03 0.000000000000000000e+00
1.519999999999660078e-03 0.000000000000000000e+00
1.521999999999660343e-03 0.000000000000000000e+00
1.523999999999659741e-03 -4.000000000000000083e-02
1.525999999999659140e-03 0.000000000000000000e+00
1.527999999999659405e-03 0.000000000000000000e+00
1.529999999999659670e-03 0.000000000000000000e+00
1.531999999999659069e-03 0.000000000000000000e+00
1.533999999999658467e-03 0.000000000000000000e+00
1.535999999999658732e-03 0.000000000000000000e+00
1.537999999999658998e-03 0.000000000000000000e+00
1.539999999999658396e-03 0.000000000000000000e+00
1.541999999999657794e-03 0.000000000000000000e+00
1.543999999999658059e-03 0.000000000000000000e+00
1.545999999999658325e-03 0.000000000000000000e+00
1.547999999999657723e-03 0.000000000000000000e+00
1.549999999999657121e-03 0.000000000000000000e+00
1.551999999999657386e-03 -4.000000000000000083e-02
1.553999999999657652e-03 0.000000000000000000e+00
1.555999999999657050e-03 0.000000000000000000e+00
1.557999999999656448e-03 0.000000000000000000e+00
1.559999999999656713e-03 0.000000000000000000e+00
1.561999999999656979e-03 0.000000000000000000e+00
1.563999999999656377e-03 0.000000000000000000e+00
1.565999999999655775e-03 -4.000000000000000083e-02
1.567999999999656040e-03 4.000000000000000083e-02
1.569999999999656306e-03 0.000000000000000000e+00
1.571999999999655704e-03 0.000000000000000000e+00
1.573999999999655102e-03 0.000000000000000000e+00
1.575999999999655368e-03 0.000000000000000000e+00
1.577999999999655633e-03 0.000000000000000000e+00
1.579999999999655031e-03 -4.000000000000000083e-02
1.581999999999654429e-03 0.000000000000000000e+00
1.583999999999654695e-03 0.000000000000000000e+00
1.585999999999654960e-03 0.000000000000000000e+00
1.587999999999654358e-03 0.000000000000000000e+00
1.589999999999653756e-03 0.000000000000000000e+00
1.591999999999654022e-03 0.000000000000000000e+00
1.593999999999654287e-03 0.000000000000000000e+00
1.595999999999653685e-03 0.000000000000000000e+00
1.597999999999653083e-03 0.000000000000000000e+00
1.599999999999653349e-03 0.000000000000000000e+00
1.601999999999653614e-03 0.000000000000000000e+00
1.603999999999653012e-03 0.000000000000000000e+00
1.605999999999652410e-03 0.000000000000000000e+00
1.607999999999652676e-03 0.000000000000000000e+00
1.609999999999652941e-03 0.000000000000000000e+00
1.611999999999652339e-03 0.000000000000000000e+00
1.613999999999651738e-03 0.000000000000000000e+00
1.615999999999652003e-03 0.000000000000000000e+00
1.617999999999652268e-03 0.000000000000000000e+00
1.619999999999651667e-03 0.000000000000000000e+00
1.621999999999651065e-03 0.000000000000000000e+00
1.623999999999651330e-03 0.000000000000000000e+00
1.625999999999651596e-03 0.000000000000000000e+00
1.627999999999650994e-03 0.000000000000000000e+00
1.629999999999650392e-03 0.000000000000000000e+00
1.631999999999650657e-03 0.000000000000000000e+00
1.633999999999650923e-03 0.000000000000000000e+00
1.635999999999650321e-03 -4.000000000000000083e-02
1.637999999999649719e-03 0.000000000000000000e+00
1.639999999999649984e-03 4.000000000000000083e-02
1.641999999999650250e-03 0.000000000000000000e+00
1.643999999999649648e-03 0.000000000000000000e+00
1.645999999999649046e-03 0.000000000000000000e+00
1.647999999999649311e-03 -4.000000000000000083e-02
1.649999999999649577e-03 0.000000000000000000e+00
1.651999999999648975e-03 0.000000000000000000e+00
1.653999999999648373e-03 0.000000000000000000e+00
1.655999999999648638e-03 0.000000000000000000e+00
1.657999999999648904e-03 0.000000000000000000e+00
1.659999999999648302e-03 0.000000000000000000e+00
1.661999999999647700e-03 0.000000000000000000e+00
1.663999999999647966e-03 0.000000000000000000e+00
1.665999999999648231e-03 0.000000000000000000e+00
1.667999999999647629e-03 0.000000000000000000e+00
1.669999999999647027e-03 0.000000000000000000e+00
1.671999999999647293e-03 0.000000000000000000e+00
1.673999999999647558e-03 0.000000000000000000e+00
1.675999999999646956e-03 -4.000000000000000083e-02
1.677999999999646354e-03 0.000000000000000000e+00
1.679999999999646620e-03 0.000000000000000000e+00
1.681999999999646885e-03 0.000000000000000000e+00
1.683999999999646283e-03 0.000000000000000000e+00
1.685999999999645681e-03 0.000000000000000000e+00
1.687999999999645947e-03 -4.000000000000000083e-02
1.689999999999646212e-03 0.000000000000000000e+00
1.691999999999645610e-03 -4.000000000000000083e-02
1.693999999999645008e-03 0.000000000000000000e+00
1.695999999999645274e-03 0.000000000000000000e+00
1.697999999999645539e-03 0.000000000000000000e+00
1.699999999999644937e-03 0.000000000000000000e+00
1.701999999999644336e-03 0.000000000000000000e+00
1.703999999999644601e-03 0.000000000000000000e+00
1.705999999999644866e-03 0.000000000000000000e+00
1.707999999999644265e-03 0.000000000000000000e+00
1.709999999999643663e-03 0.000000000000000000e+00
1.711999999999643928e-03 0.000000000000000000e+00
1.713999999999644194e-03 -4.000000000000000083e-02
1.715999999999643592e-03 0.000000000000000000e+00
1.717999999999642990e-03 0.000000000000000000e+00
1.719999999999643255e-03 0.000000000000000000e+00
1.721999999999643521e-03 -4.000000000000000083e-02
1.723999999999642919e-03 0.000000000000000000e+00
1.725999999999642317e-03 0.000000000000000000e+00
1.727999999999642582e-03 -4.000000000000000083e-02
1.729999999999642848e-03 0.000000000000000000e+00
1.731999999999642246e-03 -4.000000000000000083e-02
1.733999999999641644e-03 0.000000000000000000e+00
1.735999999999641909e-03 0.000000000000000000e+00
1.737999999999642175e-03 0.000000000000000000e+00
1.739999999999641573e-03 0.000000000000000000e+00
1.741999999999640971e-03 0.000000000000000000e+00
1.743999999999641237e-03 0.000000000000000000e+00
1.745999999999641502e-03 0.000000000000000000e+00
1.747999999999640900e-03 0.000000000000000000e+00
1.749999999999640298e-03 0.000000000000000000e+00
1.751999999999640564e-03 0.000000000000000000e+00
1.753999999999640829e-03 0.000000000000000000e+00
1.755999999999640227e-03 0.000000000000000000e+00
1.757999999999639625e-03 0.000000000000000000e+00
1.759999999999639891e-03 -4.000000000000000083e-02
1.761999999999640156e-03 0.000000000000000000e+00
1.763999999999639554e-03 0.000000000000000000e+00
1.765999999999638952e-03 0.000000000000000000e+00
1.767999999999639218e-03 0.000000000000000000e+00
1.769999999999639483e-03 4.000000000000000083e-02
1.771999999999638881e-03 0.000000000000000000e+00
1.773999999999638279e-03 0.000000000000000000e+00
1.775999999999638545e-03 0.000000000000000000e+00
1.777999999999638810e-03 0.000000000000000000e+00
1.779999999999638208e-03 0.000000000000000000e+00
1.781999999999637607e-03 0.000000000000000000e+00
1.783999999999637872e-03 0.000000000000000000e+00
1.785999999999638137e-03 -4.000000000000000083e-02
1.787999999999637536e-03 0.000000000000000000e+00
1.789999999999636934e-03 0.000000000000000000e+00
1.791999999999637199e-03 0.000000000000000000e+00
1.793999999999637465e-03 0.000000000000000000e+00
1.795999999999636863e-03 0.000000000000000000e+00
1.797999999999636261e-03 0.000000000000000000e+00
1.799999999999636526e-03 0.000000000000000000e+00
1.801999999999636792e-03 0.000000000000000000e+00
1.803999999999636190e-03 0.000000000000000000e+00
1.805999999999635588e-03 0.000000000000000000e+00
1.807999999999635853e-03 0.000000000000000000e+00
1.809999999999636119e-03 0.000000000000000000e+00
1.811999999999635517e-03 0.000000000000000000e+00
1.813999999999634915e-03 0.000000000000000000e+00
1.815999999999635180e-03 0.000000000000000000e+00
1.817999999999635446e-03 0.000000000000000000e+00
1.819999999999634844e-03 0.000000000000000000e+00
1.821999999999634242e-03 0.000000000000000000e+00
1.823999999999634507e-03 0.000000000000000000e+00
1.825999999999634773e-03 0.000000000000000000e+00
1.827999999999634171e-03 0.000000000000000000e+00
1.829999999999633569e-03 0.000000000000000000e+00
1.831999999999633835e-03 0.000000000000000000e+00
1.833999999999634100e-03 0.000000000000000000e+00
1.835999999999633498e-03 0.000000000000000000e+00
1.837999999999632896e-03 0.000000000000000000e+00
1.839999999999633162e-03 0.000000000000000000e+00
1.841999999999633427e-03 4.000000000000000083e-02
1.843999999999632825e-03 0.000000000000000000e+00
1.845999999999632223e-03 0.000000000000000000e+00
1.847999999999632489e-03 0.000000000000000000e+00
1.849999999999632754e-03 0.000000000000000000e+00
1.851999999999632152e-03 -4.000000000000000083e-02
1.853999999999631550e-03 0.000000000000000000e+00
1.855999999999631816e-03 0.000000000000000000e+00
1.857999999999632081e-03 0.000000000000000000e+00
1.859999999999631479e-03 0.000000000000000000e+00
1.861999999999630877e-03 4.000000000000000083e-02
1.863999999999631143e-03 -4.000000000000000083e-02
1.865999999999631408e-03 0.000000000000000000e+00
1.867999999999630806e-03 0.000000000000000000e+00
1.869999999999630205e-03 0.000000000000000000e+00
1.871999999999630470e-03 0.000000000000000000e+00
1.873999999999630735e-03 0.000000000000000000e+00
1.875999999999630134e-03 0.000000000000000000e+00
1.877999999999629532e-03 -4.000000000000000083e-02
1.879999999999629797e-03 0.000000000000000000e+00
1.881999999999630063e-03 0.000000000000000000e+00
1.883999999999629461e-03 4.000000000000000083e-02
1.885999999999628859e-03 0.000000000000000000e+00
1.887999999999629124e-03 0.000000000000000000e+00
1.889999999999629390e-03 4.000000000000000083e-02
1.891999999999628788e-03 0.000000000000000000e+00
1.893999999999628186e-03 0.000000000000000000e+00
1.895999999999628451e-03 0.000000000000000000e+00
1.897999999999628717e-03 -4.000000000000000083e-02
1.899999999999628115e-03 0.000000000000000000e+00
1.901999999999627513e-03 0.000000000000000000e+00
1.903999999999627778e-03 0.000000000000000000e+00
1.905999999999628044e-03 4.000000000000000083e-02
1.907999999999627442e-03 0.000000000000000000e+00
1.909999999999626840e-03 0.000000000000000000e+00
1.911999999999627105e-03 0.000000000000000000e+00
1.913999999999627371e-03 0.000000000000000000e+00
1.915999999999626769e-03 0.000000000000000000e+00
1.917999999999626167e-03 0.000000000000000000e+00
1.919999999999626433e-03 -4.000000000000000083e-02
1.921999999999626698e-03 0.000000000000000000e+00
1.923999999999626096e-03 0.000000000000000000e+00
1.925999999999625494e-03 0.000000000000000000e+00
1.927999999999625760e-03 0.000000000000000000e+00
1.929999999999626025e-03 0.000000000000000000e+00
1.931999999999625423e-03 0.000000000000000000e+00
1.933999999999624821e-03 0.000000000000000000e+00
1.935999999999625087e-03 0.000000000000000000e+00
1.937999999999625352e-03 0.000000000000000000e+00
1.939999999999624750e-03 -4.000000000000000083e-02
1.941999999999624148e-03 0.000000000000000000e+00
1.943999999999624414e-03 0.000000000000000000e+00
1.945999999999624679e-03 0.000000000000000000e+00
1.947999999999624077e-03 -4.000000000000000083e-02
1.949999999999623475e-03 0.000000000000000000e+00
1.951999999999623741e-03 -4.000000000000000083e-02
1.953999999999624006e-03 0.000000000000000000e+00
1.955999999999623404e-03 0.000000000000000000e+00
1.957999999999622803e-03 0.000000000000000000e+00
1.959999999999623068e-03 0.000000000000000000e+00
1.961999999999623333e-03 0.000000000000000000e+00
1.963999999999622732e-03 0.000000000000000000e+00
1.965999999999622130e-03 0.000000000000000000e+00
1.967999999999622395e-03 0.000000000000000000e+00
1.969999999999622661e-03 0.000000000000000000e+00
1.971999999999622059e-03 0.000000000000000000e+00
1.973999999999621457e-03 0.000000000000000000e+00
1.975999999999621722e-03 0.000000000000000000e+00
1.977999999999621988e-03 0.000000000000000000e+00
1.979999999999621386e-03 0.000000000000000000e+00
1.981999999999620784e-03 0.000000000000000000e+00
1.983999999999621049e-03 0.000000000000000000e+00
1.985999999999621315e-03 0.000000000000000000e+00
1.987999999999620713e-03 0.000000000000000000e+00
1.989999999999620111e-03 0.000000000000000000e+00
1.991999999999620376e-03 0.000000000000000000e+00
1.993999999999620642e-03 0.000000000000000000e+00
1.995999999999620040e-03 0.000000000000000000e+00
1.997999999999619438e-03 0.000000000000000000e+00
1.999999999999619704e-03 0.000000000000000000e+00
2.001999999999619969e-03 0.000000000000000000e+00
2.003999999999619367e-03 0.000000000000000000e+00
2.005999999999618765e-03 -4.000000000000000083e-02
2.007999999999619031e-03 0.000000000000000000e+00
2.009999999999619296e-03 0.000000000000000000e+00
2.011999999999618694e-03 0.000000000000000000e+00
2.013999999999618092e-03 0.000000000000000000e+00
2.015999999999618358e-03 0.000000000000000000e+00
2.017999999999618623e-03 0.000000000000000000e+00
2.019999999999618021e-03 0.000000000000000000e+00
2.021999999999617419e-03 0.000000000000000000e+00
2.023999999999617685e-03 -4.000000000000000083e-02
2.025999999999617950e-03 0.000000000000000000e+00
2.027999999999617348e-03 0.000000000000000000e+00
2.029999999999616746e-03 0.000000000000000000e+00
2.031999999999617012e-03 0.000000000000000000e+00
2.033999999999617277e-03 0.000000000000000000e+00
2.035999999999616675e-03 0.000000000000000000e+00
2.037999999999616074e-03 4.000000000000000083e-02
2.039999999999616339e-03 0.000000000000000000e+00
2.041999999999616604e-03 0.000000000000000000e+00
2.043999999999616003e-03 0.000000000000000000e+00
2.045999999999615401e-03 0.000000000000000000e+00
2.047999999999615666e-03 0.000000000000000000e+00
2.049999999999615932e-03 -4.000000000000000083e-02
2.051999999999615330e-03 0.000000000000000000e+00
2.053999999999614728e-03 -4.000000000000000083e-02
2.055999999999614993e-03 0.000000000000000000e+00
2.057999999999615259e-03 0.000000000000000000e+00
2.059999999999614657e-03 0.000000000000000000e+00
2.061999999999614055e-03 0.000000000000000000e+00
2.063999999999614320e-03 0.000000000000000000e+00
2.065999999999614586e-03 0.000000000000000000e+00
2.067999999999613984e-03 0.000000000000000000e+00
2.069999999999613382e-03 0.000000000000000000e+00
2.071999999999613647e-03 0.000000000000000000e+00
2.073999999999613913e-03 0.000000000000000000e+00
2.075999999999613311e-03 0.000000000000000000e+00
2.077999999999612709e-03 0.000000000000000000e+00
2.079999999999612974e-03 0.000000000000000000e+00
2.081999999999613240e-03 0.000000000000000000e+00
2.083999999999612638e-03 0.000000000000000000e+00
2.085999999999612036e-03 0.000000000000000000e+00
2.087999999999612302e-03 0.000000000000000000e+00
2.089999999999612567e-03 0.000000000000000000e+00
2.091999999999611965e-03 0.000000000000000000e+00
2.093999999999611363e-03 0.000000000000000000e+00
2.095999999999611629e-03 0.000000000000000000e+00
2.097999999999611894e-03 -4.000000000000000083e-02
2.099999999999611292e-03 0.000000000000000000e+00
2.101999999999610690e-03 0.000000000000000000e+00
2.103999999999610956e-03 0.000000000000000000e+00
2.105999999999611221e-03 0.000000000000000000e+00
2.107999999999610619e-03 0.000000000000000000e+00
2.109999999999610017e-03 0.000000000000000000e+00
2.111999999999610283e-03 0.000000000000000000e+00
2.113999999999610548e-03 0.000000000000000000e+00
2.115999999999609946e-03 0.000000000000000000e+00
2.117999999999609344e-03 0.000000000000000000e+00
2.119999999999609610e-03 0.000000000000000000e+00
2.121999999999609875e-03 0.000000000000000000e+00
2.123999999999609273e-03 0.000000000000000000e+00
2.125999999999608672e-03 -4.000000000000000083e-02
2.127999999999608937e-03 0.000000000000000000e+00
2.129999999999609202e-03 0.000000000000000000e+00
2.131999999999608601e-03 0.000000000000000000e+00
2.133999999999607999e-03 0.000000000000000000e+00
2.135999999999608264e-03 0.000000000000000000e+00
2.137999999999608530e-03 -4.000000000000000083e-02
2.139999999999607928e-03 0.000000000000000000e+00
2.141999999999607326e-03 0.000000000000000000e+00
2.143999999999607591e-03 0.000000000000000000e+00
2.145999999999607857e-03 0.000000000000000000e+00
2.147999999999607255e-03 0.000000000000000000e+00
2.149999999999606653e-03 0.000000000000000000e+00
2.151999999999606918e-03 0.000000000000000000e+00
2.153999999999607184e-03 0.000000000000000000e+00
2.155999999999606582e-03 0.000000000000000000e+00
2.157999999999605980e-03 0.000000000000000000e+00
2.159999999999606245e-03 -4.000000000000000083e-02
2.161999999999606511e-03 0.000000000000000000e+00
2.163999999999605909e-03 0.000000000000000000e+00
2.165999999999605307e-03 0.000000000000000000e+00
2.167999999999605572e-03 0.000000000000000000e+00
2.169999999999605838e-03 0.000000000000000000e+00
2.171999999999605236e-03 0.000000000000000000e+00
2.173999999999604634e-03 0.000000000000000000e+00
2.175999999999604900e-03 0.000000000000000000e+00
2.177999999999605165e-03 0.000000000000000000e+00
2.179999999999604563e-03 0.000000000000000000e+00
2.181999999999603961e-03 0.000000000000000000e+00
2.183999999999604227e-03 0.000000000000000000e+00
2.185999999999604492e-03 0.000000000000000000e+00
2.187999999999603890e-03 0.000000000000000000e+00
2.189999999999603288e-03 0.000000000000000000e+00
2.191999999999603554e-03 0.000000000000000000e+00
2.193999999999603819e-03 0.000000000000000000e+00
2.195999999999603217e-03 0.000000000000000000e+00
2.197999999999602615e-03 -4.000000000000000083e-02
2.199999999999602881e-03 0.000000000000000000e+00
2.201999999999603146e-03 0.000000000000000000e+00
2.203999999999602544e-03 0.000000000000000000e+00
2.205999999999601942e-03 0.000000000000000000e+00
2.207999999999602208e-03 0.000000000000000000e+00
2.209999999999602473e-03 0.000000000000000000e+00
2.211999999999601871e-03 0.000000000000000000e+00
2.213999999999601270e-03 4.000000000000000083e-02
2.215999999999601535e-03 0.000000000000000000e+00
2.217999999999601800e-03 0.000000000000000000e+00
2.219999999999601199e-03 0.000000000000000000e+00
2.221999999999600597e-03 0.000000000000000000e+00
2.223999999999600862e-03 0.000000000000000000e+00
2.225999999999601128e-03 0.000000000000000000e+00
2.227999999999600526e-03 0.000000000000000000e+00
2.229999999999599924e-03 0.000000000000000000e+00
2.231999999999600189e-03 0.000000000000000000e+00
2.233999999999600455e-03 0.000000000000000000e+00
2.235999999999599853e-03 0.000000000000000000e+00
2.237999999999599251e-03 0.000000000000000000e+00
2.239999999999599516e-03 0.000000000000000000e+00
2.241999999999599782e-03 0.000000000000000000e+00
2.243999999999599180e-03 0.000000000000000000e+00
2.245999999999598578e-03 0.000000000000000000e+00
2.247999999999598843e-03 0.000000000000000000e+00
2.249999999999599109e-03 0.000000000000000000e+00
2.251999999999598507e-03 0.000000000000000000e+00
2.253999999999597905e-03 0.000000000000000000e+00
2.255999999999598171e-03 0.000000000000000000e+00
2.257999999999598436e-03 0.000000000000000000e+00
2.259999999999597834e-03 0.000000000000000000e+00
2.261999999999597232e-03 0.000000000000000000e+00
2.263999999999597498e-03 0.000000000000000000e+00
2.265999999999597763e-03 0.000000000000000000e+00
2.267999999999597161e-03 0.000000000000000000e+00
2.269999999999596559e-03 0.000000000000000000e+00
2.271999999999596825e-03 0.000000000000000000e+00
2.273999999999597090e-03 0.000000000000000000e+00
2.275999999999596488e-03 0.000000000000000000e+00
2.277999999999595886e-03 0.000000000000000000e+00
2.279999999999596152e-03 -4.000000000000000083e-02
2.281999999999596417e-03 0.000000000000000000e+00
2.283999999999595815e-03 0.000000000000000000e+00
2.285999999999595213e-03 0.000000000000000000e+00
2.287999999999595479e-03 0.000000000000000000e+00
2.289999999999595744e-03 4.000000000000000083e-02
2.291999999999595142e-03 -4.000000000000000083e-02
2.293999999999594541e-03 0.000000000000000000e+00
2.295999999999594806e-03 -4.000000000000000083e-02
2.297999999999595071e-03 -4.000000000000000083e-02
2.299999999999594470e-03 0.000000000000000000e+00
2.301999999999593868e-03 0.000000000000000000e+00
2.303999999999594133e-03 0.000000000000000000e+00
2.305999999999594399e-03 0.000000000000000000e+00
2.307999999999593797e-03 0.000000000000000000e+00
2.309999999999593195e-03 0.000000000000000000e+00
2.311999999999593460e-03 0.000000000000000000e+00
2.313999999999593726e-03 0.000000000000000000e+00
2.315999999999593124e-03 0.000000000000000000e+00
2.317999999999592522e-03 0.000000000000000000e+00
2.319999999999592787e-03 0.000000000000000000e+00
2.321999999999593053e-03 4.000000000000000083e-02
2.323999999999592451e-03 0.000000000000000000e+00
2.325999999999591849e-03 0.000000000000000000e+00
2.327999999999592114e-03 -4.000000000000000083e-02
2.329999999999592380e-03 0.000000000000000000e+00
2.331999999999591778e-03 0.000000000000000000e+00
2.333999999999591176e-03 0.000000000000000000e+00
2.335999999999591441e-03 0.000000000000000000e+00
2.337999999999591707e-03 -4.000000000000000083e-02
2.339999999999591105e-03 0.000000000000000000e+00
2.341999999999590503e-03 0.000000000000000000e+00
2.343999999999590769e-03 0.000000000000000000e+00
2.345999999999591034e-03 0.000000000000000000e+00
2.347999999999590432e-03 0.000000000000000000e+00
2.349999999999589830e-03 0.000000000000000000e+00
2.351999999999590096e-03 0.000000000000000000e+00
2.353999999999590361e-03 0.000000000000000000e+00
2.355999999999589759e-03 0.000000000000000000e+00
2.357999999999589157e-03 0.000000000000000000e+00
2.359999999999589423e-03 0.000000000000000000e+00
2.361999999999589688e-03 0.000000000000000000e+00
2.363999999999589086e-03 0.000000000000000000e+00
2.365999999999588484e-03 0.000000000000000000e+00
2.367999999999588750e-03 0.000000000000000000e+00
2.369999999999589015e-03 0.000000000000000000e+00
2.371999999999588413e-03 -4.000000000000000083e-02
2.373999999999587811e-03 0.000000000000000000e+00
2.375999999999588077e-03 0.000000000000000000e+00
2.377999999999588342e-03 4.000000000000000083e-02
2.379999999999587740e-03 0.000000000000000000e+00
2.381999999999587139e-03 0.000000000000000000e+00
2.383999999999587404e-03 0.000000000000000000e+00
2.385999999999587669e-03 0.000000000000000000e+00
2.387999999999587068e-03 4.000000000000000083e-02
2.389999999999586466e-03 0.000000000000000000e+00
2.391999999999586731e-03 0.000000000000000000e+00
2.393999999999586997e-03 -4.000000000000000083e-02
2.395999999999586395e-03 0.000000000000000000e+00
2.397999999999585793e-03 0.000000000000000000e+00
2.399999999999586058e-03 -4.000000000000000083e-02
2.401999999999586324e-03 0.000000000000000000e+00
2.403999999999585722e-03 0.000000000000000000e+00
2.405999999999585120e-03 0.000000000000000000e+00
2.407999999999585385e-03 0.000000000000000000e+00
2.409999999999585651e-03 0.000000000000000000e+00
2.411999999999585049e-03 0.000000000000000000e+00
2.413999999999584447e-03 0.000000000000000000e+00
2.415999999999584712e-03 0.000000000000000000e+00
2.417999999999584978e-03 0.000000000000000000e+00
2.419999999999584376e-03 0.000000000000000000e+00
2.421999999999583774e-03 0.000000000000000000e+00
2.423999999999584039e-03 0.000000000000000000e+00
2.425999999999584305e-03 0.000000000000000000e+00
2.427999999999583703e-03 0.000000000000000000e+00
2.429999999999583101e-03 4.000000000000000083e-02
2.431999999999583367e-03 0.000000000000000000e+00
2.433999999999583632e-03 0.000000000000000000e+00
2.435999999999583030e-03 0.000000000000000000e+00
2.437999999999582428e-03 0.000000000000000000e+00
2.439999999999582694e-03 0.000000000000000000e+00
2.441999999999582959e-03 0.000000000000000000e+00
2.443999999999582357e-03 0.000000000000000000e+00
2.445999999999581755e-03 0.000000000000000000e+00
2.447999999999582021e-03 0.000000000000000000e+00
2.449999999999582286e-03 0.000000000000000000e+00
2.451999999999581684e-03 -4.000000000000000083e-02
2.453999999999581082e-03 4.000000000000000083e-02
2.455999999999581348e-03 0.000000000000000000e+00
2.457999999999581613e-03 0.000000000000000000e+00
2.459999999999581011e-03 4.000000000000000083e-02
2.461999999999580409e-03 0.000000000000000000e+00
2.463999999999580675e-03 0.000000000000000000e+00
2.465999999999580940e-03 0.000000000000000000e+00
2.467999999999580339e-03 0.000000000000000000e+00
2.469999999999579737e-03 -4.000000000000000083e-02
2.471999999999580002e-03 0.000000000000000000e+00
2.473999999999580268e-03 0.000000000000000000e+00
2.475999999999579666e-03 0.000000000000000000e+00
2.477999999999579064e-03 0.000000000000000000e+00
